-0.7244540291305829,0.6584052045452883
-0.6472793589311766,0.5095765376036582
-0.7094735253993015,0.5398530122530304
-0.666392062818933,0.6683192997739695
-0.6112830547877933,0.5602094901619589
-0.8677368943240781,0.45910694386632467
-0.9068947126481555,0.3701179739136934
-0.945394285645034,0.42789633267881544
-0.7513166568680189,0.4532953664892097
-0.7475478788382498,0.34273683803606075
-0.8693225356175083,0.42183682707765063
-0.8593533510254149,0.3888347317056523
-0.8687472668798746,0.4068758096172976
-1.1178521645733897,0.4625669570536206
-0.9494608181282984,0.35839854279517513
-0.9338288024533502,0.4078232712219366
-0.8058677325298821,0.3849990576663597
-0.8141242808002399,0.4046230193115971
-1.0517942138671832,0.3843292900915216
-1.244991189652228,0.35054124968470546
-1.035277295814802,0.6316951615990167
-0.8225653918053676,0.5958077379339314
-0.9022821655547663,0.5684156625893065
-0.7761011204021625,0.6461152718253119
-0.8109294295221039,0.5794884880714208
-1.1229314953086291,0.6446669889439249
-0.6977062103331799,0.3737214383695062
-1.1946847276593757,0.649031597813708
-0.9167862433469696,0.517372374383216
-0.9332487721883115,0.514932303056805
-0.5805220862556885,0.4900762094513962
-0.5009201854976596,0.426862272233796
-0.5402685103187828,0.6303352987415384
-0.6770871842956797,0.42458836460567
-0.5247666303896026,0.49055194050845763
-0.680610003416663,0.48295898271466947
-0.6279622917429132,0.5291370806658433
-0.594604555564354,0.3940132147398059
-0.598006076625429,0.5132973125936576
-0.6415240036041218,0.408612709164654
-0.7947361431270549,0.4307743035507822
-0.8316305492703125,0.40356792842053946
-0.973441633521738,0.49111425011758164
-1.0204118197298975,0.43159976312640475
-0.7785241725104453,0.45136940736664294
-0.965658772124297,0.42239868559309357
-0.8749428701543055,0.361748376699404
-0.9561951754171298,0.38338311593035224
-0.829407227619592,0.377712264044607
-0.959851164603584,0.309479333722714
-1.0502916440793713,0.7725906403694637
-1.0255696312212854,0.8779924304775192
-1.1212124247363795,0.730130499361932
-0.7919349881458732,0.7242204938796658
-0.8432601965829677,0.7697973751471888
-1.1262011851030034,0.3450052823871055
-0.7356766065154761,0.2695419380748703
-1.1437113818426163,0.3281463422204989
-0.8901636575983267,0.3646769940709385
-0.9451846588846572,0.2892822281680986
-1.0914482328397426,0.6330560309527654
-0.5172689898866959,0.5639663068690318
-0.8989588487432664,0.6693646757024991
-0.7637451161434308,0.7335437631490711
-0.7454485264222552,0.6570313480448152
-0.8433779040758087,0.6273118398776418
-0.7755263220550289,0.49920630401293165
-0.807865760632542,0.562571231752653
-0.9176697985334825,0.5878812901802745
-0.849682441335362,0.4720376099642169
-0.913353951074273,0.657768953422147
-0.810840010588471,0.6108520399545943
-0.8081002372486885,0.6955091948257139
-0.7715265827103248,0.5321331690889299
-0.8543381788433477,0.5357376586281507
-0.6330451120254793,0.30105015379471284
-0.6425631386595108,0.27938255094109365
-0.6297128313512902,0.2775369007530233
-0.613762261624698,0.23753929467669177
-0.6762797156839385,0.20617024443151835
-0.792448091817999,0.38381032093213097
-0.7512084711705894,0.37599054517662406
-0.8954110716091515,0.32846567791019027
-0.7749000044356161,0.32085975868971356
-0.8534967550153045,0.28996667898613326
-0.793846379379006,0.24940964304609928
-0.7505410592798649,0.3486759081143162
-0.7718960396576835,0.24590768207974006
-0.8306023700142896,0.4080669109953886
-0.6363636034525488,0.17290270411188907
-0.8170302858809515,0.5051996771786438
-0.731428086373459,0.46168807382823074
-0.7918888736641535,0.4262780083422192
-0.5909653676095877,0.3882174137700583
-0.7562073703661115,0.40506474442672724
-1.0902423190038597,0.4075132715270599
-0.8964518911192977,0.45713070700428804
-1.0618737363312594,0.3868850740636903
-0.8582062664970916,0.45096872466889526
-0.8660018998936714,0.39740875071405335
-0.9837812336804636,0.6235054139324744
-1.039766965336702,0.5920957507924841
-0.9650747350092352,0.5231034918637371
-0.9240744669492239,0.5643305848741009
-1.0840029769413253,0.44641132035229175
-1.119422652693785,0.4023884104084052
-0.9087896256950855,0.46050655340119384
-0.8170188626074114,0.34511939596029667
-0.9654260631808474,0.434025164372198
-0.9806503581525796,0.34903962062597155
-0.7605875040513366,0.36966438011771796
-0.8122487466407435,0.3254440205038622
-0.6249431338193022,0.3285764807720064
-0.6549321132666472,0.3280813786862501
-0.7823030099649517,0.28836579548310104
-0.9280093715613036,0.3880832559406576
-0.9403287852269578,0.3529086191099009
-1.060154887472035,0.33952362632799077
-1.0047005661660453,0.37971104221918467
-0.8955424657424488,0.35496711413415216
-0.9981234426972814,0.8470555644951988
-0.9907811655801577,0.687915856692842
-0.9896382959244471,0.6708331205982818
-0.9716180878669785,0.7046065097869834
-0.9537984465381216,0.7490389302068432
-1.040403436348351,0.5293050566921499
-0.9570130636997768,0.5378605454937769
-0.9155738024673938,0.640401997583523
-0.8979890869898063,0.5176974995084263
-0.8692265813755603,0.6513806240003018
-1.0236476912440895,0.7563461828993355
-0.8525883483089904,0.6466275075618255
-0.9264482895845467,0.6999194877899828
-0.7977336503683505,0.5418964908935596
-0.9214837721762087,0.6116686166770756
-1.2225241630170969,0.5176607380493138
-1.1582334952871811,0.5754134351104673
-1.2332970244573747,0.46199029727429647
-1.2233983370937052,0.48697443037064075
-1.2439005129398009,0.4349569681785446
-0.9543056171203806,0.3942591397829725
-0.6427552037002136,0.6419047233673297
-1.0061144959703463,0.3803794300829992
-0.7099458786440493,0.7057765202387134
-0.60720636031688,0.6276033478888758
-0.8762561998664212,0.6310166914021398
-0.9740182704059333,0.5480991014005533
-0.8105681119261208,0.6067509861085273
-0.99653703462643,0.5325342580796655
-0.8443929396024525,0.6860285707718756
-0.8210865954427663,0.33919819312561805
-0.7895232667050253,0.3086505403153775
-0.7444580701166883,0.33039928785117173
-0.6689671445109736,0.2934408901060953
-0.7651666389290824,0.2390602152327898
-1.0025851098076757,0.6341472504293745
-0.8582374116597986,0.5956925048375681
-0.879957138005855,0.5871402846227443
-0.6716122109882781,0.44498297179955754
-0.8534009747991617,0.5237197125780643
-0.8925776197499632,0.6035908027182889
-0.9328858740124268,0.5326439016906104
-0.9452657378621944,0.5263163465342721
-0.8012494095577769,0.6894444381163599
-0.8620586275287246,0.5848513391065343
-0.8160375525913284,0.44340678478432155
-0.7756018285227885,0.48371238353946494
-0.9917458939970347,0.4340858635941564
-0.7822511100269901,0.4847064419374108
-0.630260810291762,0.3763293229969357
-0.7747728970963255,0.4585670088552467
-1.038169690182054,0.6045704798315475
-0.7563279390493729,0.3834594866654947
-0.6948814761967216,0.38187478353347293
-0.8421771602448178,0.4220328136713995
-1.1645753368323923,0.3536720741149613
-0.8568342147004253,0.36551011663939575
-1.2256231584061645,0.37292997064963684
-0.9396874866819539,0.33272793602769385
-0.8501011394987146,0.25101590433660287
-0.9281423685824048,0.3467373572510861
-0.7736602578907912,0.45064767857645044
-0.958364208706345,0.3533024327099814
-0.7979120199220048,0.42396708282621254
-0.6894331771742439,0.35251327496475693
-1.0237103823059663,0.39901906177047863
-0.7038124739097601,0.3419092316179619
-1.0153529363045475,0.3325928556067433
-0.824347294201027,0.41451820833175373
-0.8659621998295676,0.3235244398139658
-0.6290341290566666,0.5239247332215988
-0.6232356515871956,0.4838996070669275
-0.6719424304337769,0.4604687963376995
-0.7092266978717078,0.4710083268900122
-0.6422491251883617,0.4719081743117931
-0.6933946406811683,0.5768653189945384
-0.7200297112463486,0.5149441211303559
-0.6897074154817083,0.4142425289708306
-0.653617429025625,0.4875241067835847
-0.7438142498846962,0.38700839487104943
-1.056190698679119,0.6140048560840523
-0.909599078222421,0.4838232470173604
-1.0247237034498873,0.5578135831656884
-0.8462021486562936,0.4467603811347754
-0.9379920138038705,0.5188897581113432
-1.0409380436154032,0.7145216942855236
-0.8123506909197478,0.6582074512686747
-1.0620616981562128,0.6599350299943213
-0.820112812320874,0.5205737313934218
-0.9024640009093052,0.6022325918723742
-1.2633121705123573,0.5074246710507316
-1.0972897123860734,0.45640196534237626
-1.2450658939719237,0.536785823128165
-1.0474328963665096,0.559428674289922
-1.119348435631288,0.5080593662138414
-1.0220498169213947,0.5732716916188129
-0.8128765993090794,0.48937076278615826
-1.0819501505433606,0.5644695866339836
-0.8371833964635302,0.4305920818933806
-1.055290310453633,0.44184207271709175
-0.9672370535928406,0.6795790981213063
-0.884614536913817,0.6316457159625758
-0.8276511637021703,0.6084492429925863
-0.9593070627003928,0.6433216809467304
-0.9629957084034761,0.5235575136941223
-1.0095013386659693,0.6834708165232437
-0.8931678840783955,0.571175916937291
-1.088619576302877,0.7020261273386424
-0.9041592764891438,0.6388169830660849
-1.0190872741990582,0.5287601063882215
-0.977788579733747,0.6451140523240307
-1.0686839651768434,0.619950109717031
-0.9545779823534155,0.5641684302290532
-0.9805257671677505,0.5738363309835856
-1.0594789355156866,0.5389081631760401
-0.6341041216167791,0.3684489488091477
-0.6193486605171681,0.5230736787470458
-0.6246699322201256,0.39176533779467615
-0.5525981977144743,0.647119787430543
-0.49436184798013605,0.356037884704599
-1.0348681349752415,0.5956454235500543
-1.1149771791595566,0.5635851066650245
-0.9661995791464835,0.5587329954646886
-1.108849818946391,0.6061497590752816
-1.1423042453420476,0.4891472634196237
-0.7771945597850684,0.649310744243369
-0.7374614931651673,0.522782225379939
-0.7726627951105032,0.44107883733427333
-0.7479817363927066,0.4232055567862506
-0.8163704196600717,0.39194535933885777
-0.6374798510978887,0.5060716949956436
-0.514949085118933,0.4033511811769937
-0.6554013738283883,0.40911212061354674
-0.6218887656100511,0.43855539595634
-0.5724069510052319,0.4062359689137111
-0.9651833955966296,0.5910372398815543
-0.871162624348599,0.5504462366742219
-0.9226902829644494,0.5869165427641079
-0.8839193138252305,0.5286602150185903
-1.0243259195733392,0.488803674184404
-0.8245211619883586,0.7177650806808973
-0.8047143511103791,0.6136970981683277
-0.8425314335731173,0.6732416299706889
-0.8300160953602105,0.7136045328264483
-0.8783956442074082,0.5041002963474835
-0.808730798804435,0.3493814253168455
-0.6903855556765924,0.27743366147996606
-0.7924174584447745,0.3788071741372803
-0.6510202752324503,0.2906841181252606
-0.8216604989473248,0.27645753495028835
-0.970972926497991,0.526988224488873
-0.9226371969704223,0.49393099693073517
-1.05677466786667,0.5507002086801179
-0.9124201246114703,0.4687635044352698
-1.0751953494787134,0.4449660244619942
-0.882415958492431,0.6036236283396991
-0.9202142069206557,0.5717367571033193
-0.8174851576443967,0.5712219065459049
-0.8133058799980022,0.5729248034155253
-0.9724109508091676,0.4640315911255808
-0.8150283444925479,0.5921901633272173
-0.6338658689694475,0.5104689740788546
-0.8163619491096005,0.6027602904736653
-0.7658965194967392,0.5241254794540318
-0.8278398082298642,0.4514058200104234
-0.7064570462112608,0.44224730530300554
-0.5775432582227444,0.34909535452122886
-0.7556988301568515,0.40740812651199726
-0.829217152518865,0.42730784386851517
-0.6979008418490482,0.31432966948479407
-0.6384895719172629,0.7290288796119838
-0.6352144951346627,0.5680447539202382
-0.6175282413136765,0.7236567514674903
-0.6078995146017483,0.5662479378352339
-0.6050503991233152,0.6383568153248482
-1.0599415744125025,0.4432947429764525
-0.9268850031638847,0.43575454382405904
-0.8933357615806723,0.42116329203478076
-0.7522938219097709,0.36224334890086973
-1.0349744428390568,0.3598476362461578
-0.5004582981325839,0.49446184354242395
-0.5079102637728583,0.4575786212582697
-0.639992399425244,0.4966715486254185
-0.7057031994890957,0.36462560877305394
-0.5138185259956511,0.41084072354670725
-0.8410315171724526,0.581711397704632
-0.8989816531924036,0.4971310007391842
-0.7917474175448859,0.4988589583034568
-0.7716030128603594,0.46198188209526564
-0.7957879209009012,0.3902946096538348
-0.5311385068271808,0.271088021929131
-0.8041174124415305,0.2912149609214683
-0.5874030992168056,0.28017929056698937
-0.5889507191439749,0.25511343579998785
-0.6150402789828618,0.2268082257596039
-1.1197817817279816,0.5666188257744608
-1.0202729932618613,0.5212974311719264
-1.1545958795306661,0.6580604731200989
-0.9823200378136867,0.5624221081397371
-1.2269401967471663,0.49080864646849154
-0.6323319050858182,0.4338247224429121
-0.5824244489518158,0.36970122459796834
-0.5727680597522843,0.4399581808146456
-0.5675704218265365,0.4127629588096141
-0.578099618664207,0.37937991037502106
-1.1907991364464423,0.6542528646472006
-0.9214035550563432,0.6933807902726976
-1.1419617521986247,0.5964115308509468
-0.9788974192497474,0.6830400835934199
-0.9953081629080331,0.5961210948623427
-0.7075953628382783,0.6882868122862023
-0.7104299122130772,0.6093308380497434
-0.763740883753682,0.648874983763631
-0.6339593760011318,0.5541217134862682
-0.6297384654077526,0.5425781677253464
-0.8678983959539199,0.3030911674388243
-1.1866769211286414,0.3586155648087869
-1.1275029014760825,0.35033552370351273
-1.1738691533098835,0.4464304375005897
-1.248167261426567,0.3139115646074672
-0.7781352739376867,0.5260325902995151
-0.7354834279047768,0.341044807698401
-0.830515246257637,0.589273666538757
-0.9078908364758796,0.38898466600928483
-0.7909184441088278,0.4157292133216687
-1.2337179799942957,0.5068612159343507
-1.0709416216776808,0.509007645807826
-1.11732119150532,0.4956813719832936
-1.07765042309291,0.44550062361171794
-1.2551770946603176,0.4404547180965225
-0.8147296121829424,0.4478110063305182
-0.7373216080497869,0.34847984356595696
-0.5781480274112704,0.33427815320168935
-0.7861045045954734,0.4725202729051203
-0.7956664203974833,0.360348523016219
-0.9241147637717524,0.8051243982894233
-0.9899117198290547,0.6856933560448736
-1.0874227144373665,0.7367252219362321
-1.0457753948930701,0.663512251319541
-1.0002188790091853,0.6914477649935681
-0.819111458057756,0.8163598020565583
-0.7567305798226095,0.8916920991776044
-0.9175205955662593,0.9297411161465511
-0.735382022306494,0.8596817873278934
-0.8088350657240535,0.7930998717426656
-0.9182047507416629,0.7432932277160188
-1.0056511243279702,0.6237407236265958
-1.0851449089991054,0.6272432386574844
-1.009370370371081,0.6710452908026259
-1.0189280731956363,0.5921832546537549
-0.8869735794974746,0.676714997729775
-0.9266045906205945,0.661362789850843
-1.1209838019483358,0.4058856177350457
-0.9640482316664384,0.5181959814941784
-0.7757121619513982,0.5306804173196124
-0.903411161917276,0.5395530604316937
-0.8669343812471123,0.5007524552666529
-0.6535661052073813,0.40395183870120593
-0.8077353138739984,0.4277791431266706
-0.8368341030196507,0.41503901479024435
-0.8822364719552737,0.5333289789656939
-0.8467459620898657,0.4838015367282521
-0.8477128230752743,0.5177697531480292
-0.8883263594440655,0.505411006178269
-0.933329772710023,0.43612102409323117
-0.8347846167581753,0.40771653503540506
-0.9372204384233297,0.5240305228779577
-0.8224091570515963,0.428376578633698
-0.7876394475405866,0.4204606254608994
-0.8599303934643435,0.37885068590987886
-1.3825389912060475,0.7838768918484031
-1.3296316583288792,0.7183385111829252
-1.4445128097614128,0.730284834222216
-1.3822432994366276,0.7065453687831993
-1.4619615629521805,0.6649244257603875
-1.0157029755838443,0.3951897224622845
-1.0477490138803818,0.43703875610641596
-1.0135246275894045,0.41671385854121357
-1.0215614835756912,0.466361580412441
-1.1944023165843498,0.38454816075621484
-1.007345088392657,0.40788510217071394
-0.924382498449579,0.28430496196523725
-0.9691038053625761,0.4376523357977142
-0.9506374470063871,0.3392990335570022
-0.9263370175936217,0.30905701128108465
-0.9397430699563843,0.3678848801186544
-0.8316658468886704,0.3679604404438413
-0.9836507160055001,0.34908191286211937
-0.8402604014469102,0.2949143040895211
-0.8887580519825315,0.34484653268466964
-0.8495726264635252,0.8669141299878454
-0.7708645862977614,0.8444748125770095
-0.6856587641183719,0.8514660226556768
-0.6714525277246338,0.823155951701948
-0.7167474167256487,0.8595271022646875
-0.7833088885874003,0.35435896163587655
-0.6367159881063454,0.2681248498429365
-0.769595334311288,0.3436544710331196
-0.7591053482853115,0.28700505934249504
-0.7414636620299455,0.2412628572061878
-0.8259627723280419,0.67099142057956
-0.8948404084280269,0.7505661079609609
-0.8403678466175927,0.7031552545154751
-0.8374528052566577,0.6874834661474204
-0.8138933094148081,0.682694980329275
-1.1883274524343543,0.49034365893576043
-1.2005635960886296,0.5304480248166062
-1.0723449599033146,0.4472576101638857
-1.135976177086105,0.4526494147713721
-1.1558280232658247,0.4174252133375285
-0.8805852918904569,0.5328277317759625
-0.6449427476957186,0.3315538056660013
-0.7182089661960549,0.4688485246081595
-0.7168653025058184,0.36513617371961915
-0.7730717971128431,0.33695958054585506
-0.7733662995796124,0.638259698118634
-0.8110763481368164,0.5087148543000067
-0.8019840538151634,0.6414061659805553
-0.7387244448162008,0.5392479755108461
-0.7418376474162146,0.5619147305201498
-0.99636852621779,0.42570946198366244
-1.0388073563252878,0.40043038399096353
-1.120799595481682,0.3795434669812924
-1.1277200041304045,0.3732802062186163
-0.7286107232158389,0.2598444441888895
-1.0495170647928638,0.3793346118318856
-0.8696919018525872,0.43625798469041493
-1.2029564948405869,0.3576758917474963
-0.9610938167937993,0.4648323168834787
-0.827950549985264,0.35715496775350525
-1.1062002540128888,0.5894291966263494
-0.7955295591933881,0.8829024278184548
-0.8680655660778438,0.6902222458211595
-0.7831180876045677,0.8158335100572385
-0.7954572647731218,0.7882370738875336
-1.0895897268041266,0.5430314918863594
-1.0022257768359013,0.4564346218722467
-1.1529165347580366,0.5149133895183867
-0.9857000261033892,0.5071418330382202
-1.1513905398816318,0.43829237315129993
-1.1522316564525235,0.40914166771269167
-1.1618800688398017,0.39689248814507894
-1.052734314460762,0.3895229802325233
-1.1649594321694523,0.49197125163608846
-1.2730635165561879,0.3964237425161882
-0.5339680674115136,0.507256202069426
-0.6430488526969874,0.5990688046195252
-0.6061360661269672,0.6056958133783658
-0.6083268016010996,0.6491082754022598
-0.5329827393571315,0.4986362318946343
-0.8522773298426328,0.8241053044752722
-0.6607123684362852,0.7460619916376144
-0.7709916292160297,0.93159587283809
-0.6924261698792463,0.8114534773543414
-0.7166093707895242,0.8724600473315822
-1.1655667422601035,0.5177087263382705
-1.0727003573615697,0.5621074312377687
-1.043113828181086,0.5078935688311594
-1.096717360481513,0.537217619593353
-1.1561617226932717,0.46810174683201117
-0.43509941298655985,0.3321128989859268
-0.4542839113988187,0.5936809794902201
-0.4611296305332753,0.44251389549459413
-0.5675210182517599,0.5141852778621232
-0.44684639507634005,0.4614557381120507
-0.7335790573156713,0.367924407564676
-0.6318771033283737,0.41721615422795577
-0.5068245520740413,0.3535318852816452
-0.7899538438469879,0.40397218246986494
-0.6756742726946852,0.30453870206354705
-0.9514444252828868,0.5204886839926338
-1.000310250341338,0.47870891298830387
-1.0654477190646578,0.49007370068901046
-0.9713259635297318,0.4726007413029662
-1.1093169661686004,0.4332722112229336
-0.6964813895469235,0.3427974650581982
-0.8508083714569642,0.3734768660882804
-0.8331068148281754,0.3931718676905151
-0.7764896156084389,0.32473436097300445
-0.837422627963656,0.2910524733934918
-0.9766423602130067,0.6125870791608304
-0.942906236774852,0.7057749554733241
-0.8651865549822884,0.5388179497591753
-0.8726130481102364,0.5406973103340654
-0.9725734405727269,0.49095203625250533
-0.9208252471040105,0.5594812826750423
-0.9831789581935612,0.47926883160568573
-1.0706812450152408,0.48413442941880946
-0.9646635263063357,0.45461850017324573
-1.0920003810895602,0.4064403717683419
-0.8789296347622997,0.3793715127896549
-0.8630183076724051,0.37879266065979383
-1.0276984880911784,0.35578292088842534
-0.9407800861558082,0.302659503187032
-0.8380641689839778,0.2881620567871609
-0.6797002941420013,0.35961049025122
-0.7394242212137326,0.3262754577778462
-0.5588816216698764,0.5020945650248477
-0.7123162640544526,0.5350965177197737
-0.6246689675192906,0.4155133692196183
-0.7881321196015402,0.40937970231432974
-0.553110493263344,0.42952631696777177
-0.8256153782043103,0.3792476382928735
-0.5958897759677725,0.3952126004195104
-0.6373668861129139,0.39054799094364845
-0.9494769765917689,0.7250301643580928
-0.9118992526704784,0.8068237507961578
-0.9117673235253092,0.64979836285121
-0.8989105615392888,0.6535928171239214
-0.9317947934077779,0.6478968665676061
-1.0248243571961329,0.40969058391062324
-0.8759184960559754,0.4833649821526405
-0.766141239878484,0.3631824005623525
-0.6630606748366155,0.3786510732115379
-0.6914133419353055,0.3188278701010959
-0.8316581771184531,0.3535348797433255
-0.6074468455218044,0.3083058069605166
-0.7791563891803194,0.3624219978674543
-0.6051733987730192,0.2493444976684032
-0.6913620214273978,0.24638018057157987
-0.7954392847308666,0.5856694141614442
-0.7250494310259298,0.7455282563307464
-0.7178505858181586,0.5728867224241256
-0.7435528413838555,0.6908477112331554
-0.6689665029895492,0.6828163616904114
-0.7667383193107682,0.42101268528163005
-0.7689173010600965,0.45147468283850667
-0.8691771299632233,0.3942945155582033
-0.9673495166093364,0.40851988790985594
-0.8182873641436534,0.30526523926955046
-0.9643710061456846,0.4817872569083204
-0.9191847964100988,0.3983652024059707
-1.1704163874968718,0.39310966521717516
-1.0493493618739909,0.3809877603658185
-1.0228203042831894,0.3928013228697812
-0.8838671539551803,0.5676184635848434
-0.9502933139453528,0.6450635175040749
-0.9788781407582638,0.6388032005420344
-1.1052778355927346,0.655088531341582
-1.0849823750193457,0.4975043825036158
-0.7877664338266367,0.4707243214662843
-0.9295881831050267,0.3599140056694568
-0.9778857133175175,0.4900814229435705
-1.0617347339801768,0.4452552733121774
-0.7729996949111868,0.36005709420700044
-0.7599883808587399,0.9189153084256494
-0.6244830450105204,0.7829070697793805
-0.7946291024341484,0.5915418582833776
-0.7155870043374931,0.60825705435953
-0.6423644895180476,0.824207248527425
-0.6968441679614819,0.3212665191370566
-0.761076661791466,0.29779434363837903
-0.590942246796437,0.4582187481913438
-0.7576673948863063,0.44842818267448586
-0.646652230865733,0.36550117610415406
-0.8335275859491681,0.44070468879762975
-0.8016296527736647,0.44479445457071176
-0.8592242106889147,0.43982617083007963
-0.8700956111875635,0.38815214033629986
-0.9835877298060578,0.3697487798457488
-0.6881332162660065,0.32824094733349946
-0.8774682985898902,0.4974491991580436
-0.7630061379954565,0.45508820289624846
-0.8607210431200996,0.5393559820099793
-0.9019759542041619,0.3434846145721251
-0.7999760541689371,0.41654702155981044
-0.7620435008602722,0.3274163560070021
-0.7740206776380179,0.4857471802807717
-0.6877677309835839,0.32267875311790567
-0.9552594991260668,0.3518755124704845
-1.0954682910858586,0.467046645701934
-0.9686906420678943,0.4648650682122789
-1.0160759466869382,0.44559077668441505
-1.0922632115529938,0.4539571943547117
-1.1401730748339187,0.4074667627271616
-0.9903313859796458,0.2916942470719365
-0.908179459614522,0.2942200509481049
-0.9410057828750219,0.3637570833665374
-0.9206374001789853,0.3585126199319125
-1.0521830356625033,0.25944630594474144
-1.2101026090712501,0.36331505811124687
-1.182442676963755,0.34899267111585164
-1.3122275166388817,0.42612213209851646
-1.1479673265645503,0.3787198762293668
-1.1560725027229761,0.3400138897596356
-0.6094035459570651,0.5855796654738249
-0.6757075180159042,0.5853344766450944
-0.6486242278297608,0.5189059897844113
-0.662807949184468,0.5307047262031931
-0.6217849682752941,0.5221316584443098
-0.7584211832414424,0.30790358294848386
-0.41093995979157033,0.32705145847181327
-0.8690386763938192,0.28689862951121137
-0.7444975047231503,0.37590938454776784
-0.557463237048985,0.38845171439807896
-0.9774810353365257,0.5019986375698114
-0.8946046914728448,0.3808864862793181
-0.9460513952985008,0.498360813726944
-0.9895308983245419,0.4833463925598832
-1.1089563220737968,0.4081817140003427
-0.885324698590423,0.34130885683109785
-0.867384544014822,0.31341729702727583
-0.6743636373547983,0.27744282880745574
-0.8200046121196691,0.35826418997973364
-0.9297575324681243,0.30662673917502564
-0.7834552138902962,0.3688513428276911
-0.74055270517464,0.5521312198151548
-0.763090687612206,0.4230481769593285
-0.8009939082916383,0.4810310688823802
-0.6973438961833113,0.362212072279769
-1.0737182235272744,0.5669743318107496
-1.1697259915064353,0.6177417295231887
-1.0907340337006735,0.5930742859661622
-1.2298355095157683,0.5397920011377808
-1.219242520376814,0.5365925120994273
-0.935971875521489,0.46218974923428296
-0.8371567395687728,0.4590575299966798
-1.0277217229695668,0.46406518689680576
-0.9644475392290404,0.4521733855527466
-1.079228221083288,0.41696468998831543
-0.7742781214407626,0.7730158187539675
-0.7696002199980173,0.6842442151309147
-0.8134362884370093,0.7619879934046964
-0.7121284570071643,0.6553537009611732
-0.7626932849462829,0.7014903509588692
-0.6181345724891002,0.38840131939470607
-0.700716643199245,0.45448596995346907
-0.6477551678654948,0.6359834361076918
-0.8351528338496295,0.6816415072315466
-0.6659698625916837,0.364656889765794
-0.9839819495057431,0.4086196265846161
-0.9387244426908519,0.3383556900344425
-0.8178121236428595,0.33805256936315864
-1.0685193911606103,0.42680579034491084
-0.9357626089767843,0.28638853531233954
-0.9862340704202964,0.4371051051993382
-0.8475723755454905,0.38882205919509466
-1.067308466781934,0.5152067500916679
-0.8485063742188825,0.5220335014511326
-0.9559986032375711,0.4694670670755905
-0.846551514588815,0.624943267032899
-0.8507599518851546,0.6004200924807904
-0.8583113428887299,0.6603614264322254
-0.8896209122508376,0.5204502503215451
-0.8329588628823955,0.5692103552929175
-0.7713382308437947,0.47343719884520624
-0.7087564493131161,0.364678884297935
-0.839746227515843,0.4643347724419568
-0.7744585958277974,0.3582195408289436
-0.882307184188508,0.3551947507240368
-1.236233183524011,0.6063453938962989
-1.0631972486736916,0.5219495641278195
-1.2051525382423613,0.5600369274592962
-0.8792301451391721,0.46480076442530666
-1.0836060622412806,0.5072777322105962
-1.1555598568403156,0.4505534210746046
-0.7661147379811946,0.4355366424629935
-1.065032143165597,0.46881892613138976
-0.7567700547924119,0.4101936087056781
-0.9024780406902991,0.335309209903705
-0.719058652859824,0.4011080519863661
-0.6501601262349801,0.4927433336192281
-0.6737587401125762,0.31221183967483673
-0.7645978934856997,0.44492285445384167
-0.6811610701128297,0.3394803757171929
-0.8349742034451263,0.44808603579689155
-0.9929407292161501,0.4579570202214933
-0.8326207009497845,0.3802837068352794
-0.8168217177902842,0.49369405729910676
-0.8408495460432102,0.34395078084942193
-0.9038217294840141,0.7479465716949405
-0.7085500720614076,0.6593691332502528
-0.8775598300310281,0.8026819112973458
-0.6665729666203227,0.6186355503967267
-0.792785955580874,0.6291156666670848
-0.7003919015307885,0.3039668818347014
-0.6403169592197242,0.3295395738472335
-0.6072706147388998,0.3417526726025852
-0.7468674040075134,0.3358865555410098
-0.6987385468052286,0.27289542231205927
-0.9738467501817513,0.3023922927780728
-1.0697881915094158,0.3395250515992018
-0.8369948862590941,0.32279516749532866
-1.0258210450271932,0.32487026979418543
-0.8440109877240171,0.2853302980450819
-1.2336440225062013,0.540797138500884
-1.0454750716102894,0.5192118618274089
-1.2424730660601806,0.5022335054147437
-1.059934316152399,0.4282450826704068
-1.269591190338602,0.414260516034295
-0.8720174699739464,0.459702555904195
-0.8595586833251646,0.5189804629296967
-0.7447708793621209,0.5158008705850411
-0.8248380322567633,0.4191519170388806
-0.8186948616598698,0.434534250396713
-0.847101503993158,0.3748759959068792
-0.9684609407573936,0.3852808704930257
-0.8601781305753179,0.36407041445318794
-0.9454115592908539,0.35936552890734635
-1.0224915778214994,0.3223707071011639
-0.9917466585278647,0.6802641210571704
-0.8146953022558433,0.6055044197807039
-0.9900467179222529,0.6115049323414978
-0.7847358892873108,0.5466183306189796
-0.8438691290023349,0.6222917864195114
-0.9254087937548499,0.3250164037920587
-0.90839404734448,0.438134766741492
-0.9534373407158374,0.41052076901058265
-1.0423112563200754,0.42839807895196147
-0.9806813014413159,0.3898677047632489
-0.68411549394595,0.5005073197764086
-0.4562376859477405,0.24389353398730734
-0.5735918368884009,0.5856644785684826
-0.5567750707461269,0.29037288853857596
-0.29529232551042867,0.3738234149987489
-0.7727051312860157,0.8281397786445734
-0.691915114225146,0.7564218227398463
-0.7666309610125748,0.7385687590580907
-0.6364616075211438,0.5943747995933105
-0.6426113101881737,0.7625594846855653
-0.820101723064346,0.4712282702593698
-0.8571902544845161,0.4245135380033184
-0.900849925155681,0.5924916558106313
-0.8953052792017608,0.448150193566304
-0.9173552479762951,0.35779849115987294
-0.7859494501370118,0.37204896959552247
-0.7764269061379763,0.4869838074645183
-0.7540583982883896,0.34241754254540197
-0.76852547428037,0.486665633195877
-0.666000608225809,0.35852447999024706
-0.9737688861141086,0.4636159208149766
-0.7385503637214508,0.4177629646720262
-1.1684400316899999,0.429371612515166
-0.7284477297468376,0.32655738060419415
-0.6507943995132465,0.3468774530603108
-0.9216339691145365,0.7690122611148551
-0.8803968231866606,0.6287355240173832
-1.0402949896017069,0.5956892109239057
-0.7489377330308215,0.5676189774279248
-0.9879023533452798,0.5050591343149412
-1.236029243549424,0.6048601435809186
-1.0526957370602044,0.5648293084524595
-1.1211437617558646,0.5814317622617315
-1.043636496744365,0.5429965048625703
-1.1749287908875061,0.5061173128080061
-0.8335566939627498,0.4498837229214987
-0.5661549157888847,0.6624502335098006
-0.8225241930028915,0.5097419705641616
-0.5650256467102376,0.5421312448085055
-0.6280444465395982,0.4686819419713703
-1.2462219235901577,0.3685964386650837
-0.8140192843800168,0.24789188774787613
-0.9383911635636039,0.3288405000516373
-0.9612934575914679,0.318293345777857
-1.081330394013444,0.31289811272151197
-0.7568596263333899,0.5054352389288388
-0.6840814542260348,0.4500485348262658
-0.5978289273812172,0.49015767670188
-0.648810011213509,0.571958409760517
-0.611928761262918,0.39305466925918386
-1.000593058660818,0.46948200902417253
-0.7946281816390419,0.47515347231623495
-1.0345277181893904,0.5104858694149762
-0.9440175561251717,0.39692562607038634
-0.9107086440318719,0.4677933146904071
-1.0628463570224664,0.4918873118593841
-1.0824570794330615,0.4679692204903337
-1.1326082335977743,0.565462515773526
-1.0811201420783183,0.47703600938248886
-1.2356264452978405,0.4630119330783685
-0.7148840313811812,0.2834991580034512
-0.8953707134368564,0.44345972701869796
-0.9111610061457197,0.3013035357225406
-0.8093302350137014,0.37495513863518287
-0.6250570185936495,0.27854330838853636
-0.4922657600017,0.49630583646650867
-0.4926524694967338,0.6146101073499814
-0.5088843231794681,0.5300833755050087
-0.4257148802578019,0.48874269222069483
-0.4821204225840973,0.34517833700358225
-0.834761430304081,0.3403574389594657
-1.1162812656712369,0.30862536245704714
-0.7994785650684797,0.3095071347433333
-0.9222625064516106,0.34026328836841685
-0.8676571811821578,0.2967349674773513
-0.6525337631110851,0.5488504715386536
-0.6124632012587902,0.5204479610447188
-0.6562180325535261,0.4713707051646685
-0.6875101079430214,0.46244615790657767
-0.6567051552663364,0.44201624990379257
-0.7514710537144131,0.23344573090221318
-1.123433102572217,0.30848796605728696
-0.8870184219561709,0.3157881319233399
-0.9863274012574677,0.33100398898928457
-0.8057405561611714,0.22783116994426392
-1.0617047402627888,0.3834612775619601
-0.838606770050203,0.39151420572332823
-1.2542398054659492,0.4423201226937635
-0.9829674012667974,0.3449660425889527
-0.7321024509327287,0.38087932201079483
-0.7031575888100722,0.46184541721642575
-0.605357915855554,0.44810811981936666
-0.6308721808533644,0.4816689588704483
-0.5273861043728194,0.3386740396720727
-0.6047357293439084,0.3593392616321084
-0.7196931905516248,0.3327691752085741
-0.7348627002642797,0.3542528152831192
-0.6753479693727233,0.27494742852314763
-0.693580214620782,0.3723088078763001
-0.7108897544654806,0.2672304786411511
-0.891511856626737,0.6669783646629036
-0.8189646123495278,0.7195863719718767
-0.8735135510974931,0.6047120620478347
-0.7569480155373022,0.5815307879889647
-0.8379234088199539,0.5725511957665028
-0.999239731981351,0.5603993878052095
-0.7617366568336353,0.48666070804687594
-0.9358100042118512,0.6219313378789293
-0.8315946024320868,0.41585560679363287
-0.9801849199369082,0.45194613636577646
-0.8941828778672394,0.6200940985777285
-0.9034739374507478,0.529452176902204
-0.732858829876162,0.5758570600960765
-0.9201629653162149,0.5242796050729914
-0.8942588063472016,0.47578911825178216
-0.855196686557736,0.5871869224109381
-1.0726924590284281,0.5528979557649606
-0.6196154454627271,0.5250297229396305
-0.9882349201288894,0.5340088892914943
-0.7045932352742721,0.5914305867847668
-0.9569351906036655,0.6674768503543692
-0.991631850364622,0.649749786855758
-0.8199036656420742,0.6113268205966839
-0.8467683288386775,0.5290010120180391
-0.8650099150252445,0.522614859151982
-0.9180210921007366,0.5561746263946513
-0.8287438660985074,0.4618632021737521
-0.6224504734289695,0.4754300313974525
-0.7388809449660831,0.5583942552049296
-0.6151696664333656,0.37594779061612804
-0.6584278038814299,0.5722097560701586
-0.7494194102987453,0.6030597400825762
-0.7052802501776514,0.487898290746106
-0.7688337441488626,0.6479998891222088
-0.7141509769721875,0.42361900628762267
-0.6722865217450211,0.48173144275671936
-0.6148993822955354,0.7280771915200457
-0.6728911924601831,0.5279361170162639
-0.7727611374295694,0.6006877724721621
-0.6808558822206102,0.5847427720159479
-0.9024206051325012,0.4802657125596289
-0.9336274034714545,0.3182491638636456
-0.7944256919917143,0.37144664381822373
-0.9720726857096302,0.4288903544448748
-0.7422169486083058,0.2987433201172972
-0.8127493858327601,0.588627069816613
-0.9779960983280642,0.3868311975892839
-0.9254964538738017,0.446557569177297
-0.8087976329655554,0.4616568258057097
-0.762755063280839,0.45584278145949114
-0.644213176672359,0.5152030012839969
-0.6341900694576941,0.4427530872837392
-0.7060074602238205,0.6913918287427978
-0.681576946587344,0.5263642325105355
-0.6560449247523227,0.5000722620792724
-0.6530862817446093,0.5911488881136776
-0.8478869339209816,0.43434422775084935
-0.672729588030064,0.5011508859966438
-0.8744277143467389,0.5167929480547382
-0.7356368761564134,0.44003768153268263
-0.9826621537410362,0.6161724979539683
-0.49400068565214666,0.5482639043938065
-0.6241133691502962,0.7516054353048518
-0.7010616397054827,0.6094877288632692
-0.4690234170422127,0.4915797044687798
-0.7289723860825139,0.4599923964381684
-0.8988370933569839,0.41781469220616574
-0.733417505969787,0.4205791907999292
-0.7700805321121232,0.46286851060849077
-0.7183373315712434,0.3862534176835605
-1.0308141523189276,0.6326921013316054
-0.9431757499783091,0.5685396699728487
-0.9101473876514141,0.5503336958425531
-0.8153878096341236,0.47728018851436493
-0.8551468864174069,0.5654208178597692
-0.7617543072520193,0.34117792177556555
-0.7504962877939972,0.3056363260979366
-0.801537558623715,0.3786640472142345
-0.8178314567428744,0.29299036450528426
-0.8739282127503559,0.2879559732886802
-0.981555586245322,0.5730672333355399
-0.8092694271945495,0.512890073450133
-0.8994862734755831,0.5570403219075312
-0.725524813822734,0.43823938390269973
-0.989586131117708,0.4280367124049222
-0.9190739825873568,0.6694911459871041
-0.9389069316689885,0.6360968581902056
-0.9093954326491235,0.6903053131553923
-0.8971285523613403,0.5836558341535203
-0.962983622470456,0.5404029038461762
-0.9758635708681349,0.6984983820430496
-0.8544150515743263,0.5962174873907548
-1.0761881754791995,0.6799851636763385
-0.9182859908637889,0.6867029607369203
-0.9557948804477138,0.5999917444985976
-0.9181345301452563,0.5266423164834894
-0.6761524665416179,0.4194050926875718
-0.8037416606516014,0.4362619344971333
-0.9351350344407747,0.5373426520285857
-0.8465724569055836,0.4318526677554624
-0.8577553613372958,0.5549332409094718
-0.9050848216385369,0.5323143082588158
-0.8323887289455638,0.5658850883032216
-0.9499859489657817,0.5877304606585803
-0.9308156199779999,0.47226031269892427
-0.8559601180036581,0.5037536039175032
-0.6238619421622149,0.3648840762924663
-0.8224336544924263,0.5595565545373213
-0.8117637259954529,0.42865390509607104
-0.8320513299555358,0.40483797118635106
-0.9769915621006925,0.4935370990653514
-0.8830526321946268,0.46306308409054814
-0.6953132056071412,0.28726696093052007
-0.8287710246662154,0.5717595316432363
-0.9469767424818661,0.37667515328307316
-0.9388162965597557,0.6015352385370443
-0.9081359907359988,0.6786663080794734
-0.9254963077826768,0.7514218333470187
-0.8804032845692404,0.6037746825470032
-1.0300450031755222,0.5013553798386192
-0.73180316217907,0.6648000773456891
-0.8075318014652025,0.6489890272990929
-0.786782505469106,0.6374344831361224
-0.7237952796163878,0.5363536845938449
-0.6468804208301187,0.4861061212127952
-0.8255700878292634,0.7061341568558654
-0.6246786860352707,0.45732245296450263
-0.7815497612202001,0.5322457206558712
-0.6269043799124607,0.3548699743566325
-0.6171833358758904,0.3785301855999459
-0.8301181141455906,0.3829708282513866
-0.7528963842717925,0.3234610825716842
-0.979478379919176,0.4297514476893518
-0.8967690642160935,0.37888552058943864
-0.9391441887401722,0.33818503384900733
-0.8564074741701941,0.6415862513352651
-0.8765226996530165,0.5815235265571559
-0.8410036189164659,0.5707828181590657
-0.8109907384214173,0.5840401363524257
-0.9539263966103618,0.4645066173697804
-1.1742774643283957,0.5715677482329967
-1.153491877691492,0.6854598455392794
-0.9285819561100743,0.554713111470706
-1.1612528207589423,0.6096372870972647
-1.1700813499552882,0.5614852591819619
-1.219904180318663,0.44777735336820773
-0.9266372407478262,0.4614001563469974
-1.0812468336711152,0.46840051893834866
-1.0097996916441139,0.4256878771966879
-1.0742925497727873,0.3633267557499834
-0.766880045942961,0.4563308476799389
-0.7682589521025718,0.4030163123306744
-0.9229411757952634,0.4475110540878711
-0.8980294178685322,0.4236069771844476
-0.859735072488876,0.3758567376502717
-0.9514322502148919,0.5079488200915036
-0.913916716030494,0.44863745420516826
-1.0482345684284813,0.501914767012509
-0.9926644648894805,0.4410196964280931
-0.9473924369422896,0.37705935516178657
-0.6141307288994354,0.6725574025362908
-0.6563377250310319,0.6769021293647643
-0.7160960332414694,0.5499244895342577
-0.560075639406383,0.45204919224666307
-0.5691068434212827,0.49844961918045105
-0.7804933417254029,0.9210433132696935
-0.5781503693777134,0.7194644815578091
-0.7511020122694055,0.8198997252652066
-0.5713488054900154,0.6703263289866016
-0.6622389002623577,0.7998496409237765
-1.1809328816955607,0.6668648660082974
-1.1059121846629734,0.6091120388652572
-1.1935169913208286,0.5695464139753712
-1.1496439600718542,0.6154443861115224
-1.2712920226285596,0.5587590729328448
-0.8670468907706226,0.8122617231392304
-0.7895839609163701,0.796226016374165
-0.7784225742180392,0.8037681687336798
-0.7447116376328764,0.7954512149206661
-0.7755346523418944,0.790159205118517
-0.8209455544579536,0.5452961242646813
-0.8591095930649211,0.49497038500533447
-0.7822251874872818,0.44204505988104265
-0.9096992908608593,0.4480466723601484
-1.0584479245890586,0.39039050362056327
-1.041432925158507,0.6079659543297987
-0.8697858277012734,0.48700278340298336
-0.868044489130497,0.4965760648353171
-0.9070981270443744,0.4503600021379463
-1.059548358961165,0.4533545995408233
-0.8113922006307415,0.6313504860495418
-0.6587756395305724,0.624809964480441
-0.6917947057614832,0.6203379291983979
-0.6935186255950512,0.7749452894763924
-0.7241452729410742,0.5482888182267543
-0.8706187153802067,0.6802933786038963
-0.9296132866950377,0.5693857239232202
-0.9396863833486981,0.5554571890797988
-0.9928869537784478,0.52704862426936
-0.9997685294937633,0.5064381780234714
-1.0599294932996663,0.7556565509208276
-1.0822681823620712,0.8087383581927137
-1.077820204743518,0.8200816710244507
-1.0322533678415973,0.7951523468994515
-1.0891925368396138,0.7547850821302432
-1.1522239147381084,0.589842051658145
-1.0084293482726723,0.5671254040970539
-1.0664836358986656,0.5677545453591041
-1.0268467601353715,0.5480526838727297
-1.205347700429314,0.5008726975557908
-0.8614813875009485,0.5535022284030925
-0.7449656419691468,0.5581213601203884
-0.8358724813813003,0.4547987528439539
-0.8090354035468067,0.475600768991259
-0.9365849278034871,0.40654381830776365
-0.7548943246182224,0.5592338216989712
-0.849909319847572,0.5109464426341624
-0.7696678239372355,0.517071155602326
-0.8219810057622542,0.4915656053169388
-0.7496314956040995,0.38304993610876426
-0.8478958762688176,0.4975442844427922
-0.8813916150272708,0.483397568161263
-0.8733217398827048,0.41126624741037465
-0.7136030315519001,0.4060015882090608
-0.6994829323994993,0.33651658557811215
-0.986773377823744,0.5013432156618607
-0.7555906479619928,0.30966693762422837
-0.812951435272261,0.5737341018640126
-0.7181481380970228,0.35159130437301694
-0.9753802851913528,0.3568545666684082
-0.7755464585686875,0.5311073350074696
-0.5927469061253366,0.514971198357683
-0.6470255984915042,0.6492949139949862
-0.7452390706518413,0.5803254759521131
-0.6540552711292807,0.4594288870011774
-1.0557997338526532,0.783184609249041
-1.0367958626881264,0.7419893665533018
-1.063128652589607,0.715387757282605
-0.949591429320021,0.7335647717602617
-1.0931198129739468,0.6163866688928439
-0.7373521584794342,0.4598513854407876
-0.8832244679236003,0.34689383785013483
-0.7838313986099918,0.4285702572509698
-0.9768373001196706,0.40599212357440706
-0.813932269814148,0.38343725621502206
-0.9582915469967188,0.5437499110573196
-0.8686883334270892,0.4961003262053947
-0.9863554223222436,0.5135086609206707
-0.9164746576560131,0.5159320218201482
-0.9063292545891936,0.4506675662776579
-1.0131993831898845,0.6219522697667768
-1.0193981306273225,0.5946937552213436
-1.0290378234706155,0.531208132936488
-0.954289150961458,0.6284017612294559
-1.119660925015431,0.5134253540162863
-1.0881926048929038,0.587362293249541
-1.2234639516661434,0.6597232331679584
-1.0861256917744497,0.674936772142888
-1.1247185563890814,0.6366530762189941
-1.360605319684847,0.5554683992744797
-0.9292928106837173,0.3599633348595772
-1.2463012431762561,0.4245806484842608
-1.087717776771931,0.3838266255588216
-0.9715644502878311,0.39396673041626556
-1.188290657685806,0.3417473921839656
-0.9781267703103431,0.597164706447103
-0.8416381259570599,0.40548673342103525
-0.9440486950294086,0.6032568122610825
-0.766766372997016,0.4200528283857495
-1.0303403606879251,0.41343380053905937
-0.945283963913599,0.3946697735065222
-1.199395408527346,0.4867463791674418
-0.927484723723165,0.4684191399327311
-0.8958240423523881,0.4086004312901215
-1.0042907466215836,0.3651643464212704
-0.7837044154097134,0.7055347720544366
-0.7065466387776627,0.558422926496419
-0.7154231212990454,0.553645671810927
-0.6098064469667555,0.40011624802669754
-0.6247944163975108,0.485100285375861
-0.859700526869687,0.5704403721715454
-0.8665825020776589,0.5041878534026154
-0.865917460961298,0.5943634948335433
-0.8049501569598674,0.5024611932318515
-0.7600394840272351,0.5035576758714991
-1.2594025357679488,0.59624222384633
-1.0617424468817753,0.631121526709252
-1.033539144635553,0.5949124756600177
-1.0285511326043688,0.5225393279715428
-1.1807008458828996,0.5260602902286379
-0.920965194953536,0.5102133156164571
-0.8979612225651513,0.5214405031421154
-0.9018479824110092,0.5106854555634858
-0.8923168530432867,0.4875948353507775
-1.0529010721058185,0.4317368904333992
-0.7065068567511139,0.6298702780310013
-0.6202020901088209,0.581700074777911
-0.7078863867189735,0.5808606037535055
-0.6051663629325003,0.5004876163014199
-0.6291139033372835,0.5449417669666903
-1.1381010801406088,0.6426022510503532
-1.1360068592920454,0.6530896915890623
-0.9626518828756461,0.5752311682393584
-1.0212309065172633,0.6338197936309676
-1.1189058924021982,0.5775470209869497
-0.8023556058069118,0.42317869463454644
-0.714192256178277,0.41534763249835216
-0.8862059317817875,0.46792811141345697
-0.7787239491523601,0.4123160887538918
-0.9488028529107562,0.34810209962504934
-0.853268407998426,0.6501653246640116
-0.8389359009687162,0.4788964909197845
-0.8795684164241185,0.5635337398977693
-0.8603722558603616,0.591942981992976
-0.9255848477159851,0.4521692989016032
-0.8702489510862423,0.5398425683942564
-1.0236426934603904,0.6487993993572219
-0.694925123155294,0.5267322295312579
-0.8994891632359467,0.5767960329899275
-1.0117216162843115,0.43603991338372294
-0.7288499962619746,0.7837493366807519
-0.6256759425715571,0.630816931854673
-0.5287759808393984,0.7610014657064734
-0.7197598980081368,0.7148217714110994
-0.6570473248317665,0.638068787014902
-0.8457165439711941,0.5643125783731044
-0.7215708803770862,0.565334537033781
-0.8514141399764874,0.7301161633584566
-0.7448316716627646,0.5990703199794853
-0.7305253882527083,0.6360921116720981
-0.7339424859978998,0.7194536778397485
-0.6669879844234379,0.48941086489822344
-0.6556231847022267,0.40265400619244307
-0.7784742193951041,0.5495080518339559
-0.6697110282591601,0.5119246103594951
-0.977001296781829,0.6429284168568764
-0.9240995610398663,0.5614451265727916
-0.9260446700123038,0.5439196100714242
-0.9623335413628105,0.5356335249845073
-1.0557375709727503,0.5272869533225567
-0.7853478679490596,0.5517505570555694
-0.5991778077474856,0.3879756923867378
-0.7294213907916751,0.3166433789906838
-0.8007888662211945,0.4399835710089798
-0.6543620930979455,0.3781812503483613
-0.7644822883134571,0.8397275084064522
-0.6847002097581191,0.8353960181078581
-0.662672992511481,0.7641299305408432
-0.725909588612276,0.713405740849527
-0.6962301241253617,0.7553176843533896
-1.0807837806091347,0.5221161803119292
-1.250342325723405,0.6286124617896608
-1.118464169920089,0.5417666270160102
-1.0587060961438484,0.524930803851566
-1.2145866985586886,0.5024799966581739
-0.7430338831320971,0.6714434819335531
-0.8155621315882172,0.7692293537590943
-0.6827961466542264,0.6712857380352156
-0.6516017412724704,0.7357642636979251
-0.6205821949794617,0.5806960144860951
-0.840369306470104,0.5263294256152129
-0.8510725307319921,0.5563013797263631
-0.8912943029417678,0.4879180297883686
-0.8904733070372584,0.4888054472970556
-0.9544516286119837,0.42016762224859183
-0.5300139738047632,0.2508464805865444
-0.6325553103339298,0.29248638333213856
-0.6034232070337753,0.30116292011384416
-0.670968453798239,0.3219191312957011
-0.46595738652013174,0.2031489455160628
-0.941485402432789,0.47731099938326527
-0.8567056797966639,0.4929964216740815
-0.8320401676670592,0.46634401839701073
-0.8742151137717061,0.444547420028518
-0.9833898353966426,0.40432299156876683
-0.8066089972840307,0.7861826072471929
-0.7961955213881429,0.5694979308774129
-0.668184137367022,0.7712486932608064
-0.7850444708012754,0.6318380879751408
-0.7195742655500548,0.711200381877033
-0.7823471198888468,0.48084395554182385
-0.7658381370885645,0.6047499291032827
-0.8574072203858464,0.685781001008186
-0.6784926077763687,0.6421896859251058
-0.753111258100123,0.4959718513809866
-0.6778511868734145,0.5373688223610655
-0.4291943801868241,0.7425372592776516
-1.1256464000390238,0.35420060980058243
-0.5034319639170662,0.7338293085362528
-0.46581809978224314,0.7057045385601864
-1.0792823047273037,0.5808366786696905
-0.8062886120796473,0.487408843657805
-0.923057873900058,0.5353662318804897
-0.9305569240870096,0.6034142499180651
-0.974139116848964,0.47434547363337504
-0.9091234536832463,0.44059980622079087
-0.9319080139745402,0.44912638856415776
-0.9618193008707353,0.45042119386653423
-0.9035195896113223,0.4297047312496984
-1.0552479246507103,0.3894175697071066
-0.825455527007106,0.5670126189034256
-0.9554396888509302,0.6744142132718358
-0.9198417284885612,0.5201410234459495
-0.8833985482532983,0.48929674489545066
-0.8688241993440099,0.5380772786657294
-0.8154472436035666,0.8307281597176551
-0.7022254390081212,0.7187965478151525
-0.8437085557586731,0.8570508353000227
-0.6726131736847825,0.5585865408554382
-0.7532240218001786,0.6657789964915255
-1.1312546357134234,0.6497942376414518
-1.1257219071721176,0.6463517547253648
-1.0516033729093985,0.6010943837548667
-1.132952690465825,0.5985601602390863
-1.257564389177579,0.5118752967132275
-0.4484173182771353,0.8590806578245939
-0.47680346254921196,0.7814768374547781
-0.5353068990616184,0.5727165859775056
-0.5047172593905769,0.5226939528148664
-0.3901246957941331,0.661991605694601
-0.9525909308931245,0.6357934809722909
-0.8951017141211999,0.5925465359560855
-1.0350353860667867,0.5512852415950743
-1.0111618531539128,0.5641031884459862
-0.9970215093281568,0.5063402909891641
-0.9589979389465231,0.6632508731874858
-0.8388860025568782,0.5079394595073506
-1.0254465091098774,0.6669297328986583
-0.8318467044791458,0.48783938745855926
-0.9669228718552102,0.47130255634751816
-0.8309970774264855,0.3981151188228918
-0.8016740011751149,0.3623777575126967
-0.8408698248530768,0.35096121613552406
-0.9401257758305412,0.36697529405607815
-1.0071371591889415,0.321923459125022
-0.7608149638722518,0.49153131712709863
-0.7761441338204813,0.47864137956429137
-0.6096363146375214,0.37293900345485
-0.6383303324481666,0.380558465510579
-0.781745484741004,0.3551904503064997
-1.0027938676365769,0.5661776725521711
-0.8947874438985366,0.4497558949088662
-0.8759063567078331,0.5078268635513695
-0.8423571698130091,0.4833981878885484
-0.9928716065924749,0.42710263499737156
-0.6428250703898876,0.4476030475140572
-0.7206124121758938,0.41193064898564735
-0.7061237731209555,0.3871255693969732
-0.7148936826099712,0.3423808531790538
-0.5747676080157577,0.2670026752512547
-0.7794768553348227,0.39195887560502113
-0.8644576013801945,0.3804913445774339
-0.8339911839155884,0.3810839389392671
-0.7535974873048646,0.3846845774576879
-0.8432192817704459,0.3147845429241426
-1.0843217782827679,0.47681804301083075
-0.7692113348131138,0.4580121780922538
-1.119495103167947,0.525962105914001
-0.8200934165474753,0.4452473766286768
-1.011563726800222,0.45942980731751365
-0.9194600885273211,0.4887799313377924
-0.9771489162214072,0.5551380247721808
-1.0559612454478684,0.5456001365671522
-0.7618432602041034,0.4996708733865187
-1.0346534353888874,0.46022164795339904
-0.8186940626147848,0.47830302282900594
-0.8358520293257115,0.507570122242983
-0.7198350159446898,0.4477244626143547
-0.8484085832295568,0.5140965939686114
-0.8585059373074077,0.4030860302922426
-0.9668760000238257,0.5839128472027163
-0.9449168006817087,0.6808091346834254
-1.0372132380592878,0.5483845041627506
-1.0138917439633,0.5466112165096991
-1.010737301045237,0.5514678627687121
-0.8493402535949496,0.5728093747866752
-1.1713274178745412,0.717465253313536
-0.9639895045830238,0.5728096637905575
-1.016269795226887,0.6473976227401561
-1.1808233750083637,0.5642462501695311
-0.802720843778765,0.7502188324010077
-0.6278486929429083,0.6690105695826639
-0.8328633093214767,0.5533540304220677
-0.7333828242924642,0.5138395569802663
-0.6456457782675039,0.534466831002801
-1.0193985705227366,0.5535410544598993
-0.9503167085546765,0.5284679456875482
-1.059490500811904,0.6192099139313876
-0.9997388070987744,0.5749988214964308
-1.1797961903576248,0.5309027367003696
-0.7822168829927306,0.5581378088561494
-0.8174787985074278,0.5790527502466468
-0.761500574877471,0.6629687256402225
-0.7258898390126762,0.5672091361182788
-0.7796620925123277,0.5001006846301115
-1.1831937022275352,0.5022425551044999
-0.7968168600689941,0.35963819784220774
-0.9079241029255146,0.4209803669604788
-0.8773332884168952,0.4846532468156806
-0.995562803810315,0.423567607449035
-0.8929526624077906,0.642771622001416
-0.9273000825303209,0.6218367344908371
-0.9458047537924296,0.6047638327330987
-0.9551913163568635,0.5447214145522301
-0.9511445469863526,0.5484073233332941
-1.0705731887263144,0.70196421462913
-0.9749307578827223,0.7284907264085709
-0.929697969640932,0.6060683173598325
-0.9474967559389181,0.5607839627599687
-1.0729291578319982,0.5378498154403498
-0.7540050807477822,0.4310119677145073
-0.8202318838235609,0.3676377369806283
-0.8873127079309447,0.45852846458709856
-0.7180819255381009,0.31845031278781116
-0.9387052557303474,0.3500688071454699
-0.878470421411924,0.41827312252660576
-0.7454448786904526,0.31594772567631146
-0.9711092861415725,0.4195612699719141
-0.7583422214788393,0.3586467238854018
-0.8294825425257942,0.31592587458231886
-1.0493570349192844,0.5176648318379075
-1.0336368898243606,0.5647474503617604
-1.0274903467894085,0.47800186536641603
-1.01173441232923,0.5642772948469688
-1.1304746079368624,0.48431810505851686
-0.9550886290265358,0.5090834631920331
-0.9903135395703924,0.49500661428158904
-1.0122600999554512,0.6371239842230516
-1.1314643629173535,0.5762324027345356
-1.1739276285020477,0.4657689111972425
-0.8861878236182013,0.3081346705878742
-0.5597845244873202,0.32283846340420663
-0.9696923100012559,0.4234804704248074
-0.8139070229912169,0.507255752512067
-0.6703010432549674,0.3197053137077071
-0.9610249951892407,0.7084384439590621
-0.8538686960566595,0.6377840347443614
-0.9928763113917772,0.6559736369691161
-1.004012499668152,0.6887029896281267
-0.9875577384460897,0.5764938195419823
-0.738824510713008,0.580404540863334
-0.7801902291976401,0.5621470133657618
-0.7330130711945818,0.5521301306137019
-0.7661658828852933,0.5364630674655878
-0.816956854520132,0.46120523386897366
-1.0290116490620165,0.5383970991356642
-1.03666848514444,0.5652354324367351
-0.8102346829335555,0.5229103142658066
-0.975245812452895,0.48916858723824264
-1.0139781866536337,0.4655937373368295
-0.8529406073250603,0.5563117360345297
-0.8373764710922953,0.4265520138164906
-0.9018081054618833,0.5403091116484001
-0.7491384339669804,0.5122302112306297
-0.938267076757433,0.38877502996186986
-0.7872172667935313,0.3118864950436772
-0.8269403121399126,0.3267035858603083
-0.934688160683991,0.40090346425286255
-0.9331595766331366,0.33829591043784435
-1.0540772023645815,0.32073302269087534
-0.8189032319505202,0.4067015331059801
-0.6400855032682765,0.5037845857014283
-0.6196780040193061,0.46090041271860904
-0.6245256554886048,0.5402182285439849
-0.510709362655685,0.4440812766535879
-0.9665601487489861,0.5074327027621002
-0.8862619272145802,0.4553241099400625
-1.04533298951794,0.5266748538032948
-1.046473548041266,0.40950129453354533
-1.1180454007873943,0.4357147393347427
-0.8341808206444294,0.6488896274416205
-0.6806692494917418,0.42940849509646745
-0.7249843332698657,0.36527012248968405
-0.6265201394191404,0.4218953601135102
-0.7620523090462286,0.4082269142365657
-0.9747383393452262,0.6105499896904497
-0.9365918137371608,0.6066193116564376
-0.8225322845896299,0.5076918030703074
-0.7459085170710931,0.5127191629574533
-0.9192103722952473,0.4939800759368693
-0.6371751677975903,0.4094362151332649
-0.6618375917692241,0.5033884300931724
-0.6358628060487109,0.5908515590593066
-0.6360882163221283,0.49251877018221984
-0.6291232373902695,0.4601220498879322
-0.6632523227310638,0.4182094010082044
-0.8507803234286835,0.4284856146642621
-0.7147049525310629,0.5163959688458627
-0.837345688114253,0.40438855108557975
-0.7316452276324931,0.3328304042303378
-0.6311732111309597,0.7220918266736188
-0.6184602913648783,0.7156281954077239
-0.5849684925181515,0.5489575935486467
-0.7017727552687643,0.7043513608556072
-0.55454113777792,0.5945999983593452
-0.7206488887870589,0.31861031925936967
-0.8124284921086874,0.38961312164346146
-0.7092144380918269,0.37133323472567203
-0.8125357094467028,0.37220795642699567
-0.8736163250524459,0.32317826581252085
-1.0237555732031143,0.5482718914966938
-1.0350096273270788,0.5200013293179776
-1.1378007382031978,0.5633330742528164
-1.0687872000438086,0.5247482152030767
-1.1783916208720306,0.45102191494890664
-0.7576962044371547,0.4770629976074202
-0.6844542955062618,0.40654323576571844
-0.6825259190335742,0.4520288095165759
-0.6740474163524997,0.32930965634164056
-0.7838640402337359,0.3585614985114337
-0.6861263638290026,0.5376219751047892
-0.6460634009285914,0.6040833199467586
-0.5802631373845161,0.5597080727636676
-0.8707675824668554,0.4806680157040724
-0.5797123355565107,0.4231900712199326
-1.0805124800400219,0.6250986095202676
-0.9687110846460205,0.5860358988778734
-0.8060612376700087,0.3986890343048537
-1.0414951921546831,0.5198287049086434
-0.9768225668821959,0.4346896151113661
-1.051051126186286,0.45818250161664764
-1.1348250552877666,0.48964372161526903
-0.8463985765316356,0.5089843535427195
-1.0848972678566895,0.4848144096416346
-1.1376892595947334,0.45343727058207217
-0.7764426317525122,0.5587605902027516
-0.7158401492463997,0.6998921886778829
-0.6096630876174889,0.6041598190161546
-0.6473106723604062,0.5483776794118836
-0.6564371601910539,0.6379467657429405
-0.9315490119706065,0.7217393532933638
-0.905079024245502,0.6168162583915643
-0.9692324912286316,0.667473928724361
-0.9999954086291257,0.6348819939654792
-0.9920470705586865,0.546385437415536
-0.8505277562356306,0.8529480795697478
-0.901252036662308,0.8151502570340178
-0.7893865702591271,0.8251720097927668
-0.8419320928373037,0.8487393226888609
-0.8391622787350833,0.81032501012252
-0.8664348132459051,0.4595999807945443
-0.8019749315135766,0.40161464516583345
-0.8758950028013522,0.43377690769619004
-0.8743080892500581,0.4602999896611698
-0.8385101051705591,0.4148636241374487
-1.2052345799678248,0.5397304378367828
-1.0928560493024362,0.5795388833677804
-1.267199270596876,0.5071078713134621
-1.2912258359482673,0.5346575281143962
-1.1767455783178657,0.5122480919004296
-1.1776650009230956,0.5663087645911014
-1.0070811406428297,0.7264830772288835
-1.2550687759405965,0.5122987867137017
-1.1903174274783406,0.5551869385628039
-1.0403392444920694,0.6251612038130432
-0.9250687295026706,0.6574729576388924
-0.9908144597999143,0.6391709449996965
-0.8783146576563068,0.5779844572937802
-0.8993849495228863,0.6168780086216372
-0.8664704247531642,0.6014587053360664
-1.0751340271973728,0.6721479798379816
-1.072283925526024,0.6436002681535488
-1.0696410066917141,0.5611279500248
-0.9512739967986324,0.8273279934717902
-1.0267387022751377,0.7054709331335595
-0.8494845291807759,0.4893137279903853
-0.6702415339027419,0.6146433896630462
-0.5719046613987635,0.4563113836272835
-0.6750937921656702,0.5913866148650818
-0.6222365194779065,0.5131858954196985
-1.1906566198824808,0.4850362672089757
-0.9895824987224189,0.4879244909211334
-1.06595573141366,0.3733463662948669
-1.1515250003744295,0.4498562983115538
-1.1898548877020896,0.4305776418448768
-0.8932205069546097,0.6604901954445029
-0.761695368934554,0.5780312819280303
-0.7283950113364546,0.5878479645185976
-0.7341835454988608,0.5648162495888661
-0.7792908563588052,0.5817236132863574
-0.9988220291337779,0.6400921421049777
-1.0416139784741916,0.6271918307665232
-1.0562769055437704,0.7163552654063657
-1.0597166650375998,0.6875944029685984
-1.1056088826260244,0.5803135254738642
-0.772888784673899,0.38749157592030387
-0.8663543835279301,0.30437676880606035
-0.7746854160532538,0.32952289659273737
-0.8343172917785269,0.34029935136311035
-0.7529807669333575,0.29622810410200656
-0.7544869710111051,0.6322118410356218
-0.6062069282195238,0.6149322289643381
-0.730724760299606,0.666367379877252
-0.5918327954735884,0.6479230031185219
-0.674814933631561,0.5430119310282336
-0.665449253868644,0.48303712969375784
-0.6435560276149769,0.40287162184962155
-0.6765326274182445,0.5041454008760221
-0.722964660063841,0.38629760465138707
-0.6583199468553569,0.4392493552562682
-0.7659589052624675,0.5763341852614172
-0.960808828891992,0.6028913682798039
-0.8927538915980061,0.5727130971421579
-0.9887649272023268,0.5264082670273936
-0.9398630008657002,0.4500599404216451
-1.0120178638899058,0.7008128703778198
-0.803144256768309,0.573004165328339
-0.8590285628654282,0.6343893786815797
-0.8849852865469661,0.6420287150673144
-0.9316900338285729,0.5343956364262575
-0.6925980762462823,0.30429095461125977
-0.6598746631969611,0.3073955138292771
-0.5111246668585243,0.4000414676424227
-0.4695796392619393,0.4383451709980462
-0.5344275657472449,0.34061820215268557
-0.9756936613331255,0.6828420359390487
-0.930889756299204,0.5609445260530873
-0.9495976639515809,0.5522864417679605
-0.9881459734075831,0.532470450540208
-0.9954103397284821,0.4885583275359189
-0.8127227208092537,0.39908421874779765
-0.6679910741068312,0.2948223541123326
-0.9056355635268674,0.477482178731049
-0.8057259039424123,0.3543808843992107
-0.7423702413084866,0.39376246360459677
-0.9936177066239499,0.5689253896952077
-0.7220515125688375,0.7741630629633351
-0.7787908045911025,0.614630304289796
-0.6723209780947933,0.8643139465681374
-0.6938402676681956,0.5879929263055284
-0.8371637797516938,0.5777770051008111
-0.7602090839271787,0.43181125669904374
-0.846584298768402,0.5108736072017095
-0.7998824555595252,0.40383810426919714
-0.7550180784242954,0.42246295711775667
-0.8687221264381784,0.4875770066491242
-0.7893223973560666,0.5322119932194167
-0.7743744557882224,0.4860760422244289
-0.7554831133179193,0.43548917429960754
-0.8108567562948265,0.433402821036801
-0.6873879468777578,0.3681297284398871
-0.7190815713879705,0.6524768302341847
-0.7868739796732781,0.33448373220454386
-0.795697146863352,0.5291762152493596
-0.6345859930363453,0.397922299538573
-0.7843224066772038,0.33966140021001234
-0.7077689583278144,0.36055384182407013
-0.6370622710137664,0.35117069357146347
-0.6696471987729695,0.4783628992541445
-0.6599856273819076,0.322194821845401
-0.8555303366441575,0.3530286415558582
-0.8690637675030002,0.29118103280399926
-1.0082759879432175,0.3487414291272542
-0.9243062155393679,0.35294141425506703
-0.9760794001105437,0.29384791611921063
-0.8959665714875823,0.4534072047342747
-0.8496693466637634,0.450177548233497
-0.9243520166787849,0.43695694736709784
-0.8876302657817778,0.3935458321460229
-0.9311012204980791,0.3739851855971235
-0.9559090218032685,0.543702519838242
-1.0180103070271638,0.5383992288572985
-0.9635468887993279,0.5403677959651142
-1.1081468496782423,0.5394131338475168
-1.1396925902091486,0.45950126915385014
-0.5612960143320636,0.6570688097618469
-0.7333101968490363,0.4661899767082088
-0.7583329684888631,0.5901322079603658
-0.6898746094825189,0.5187911054761198
-0.6165862841523158,0.4379421200628103
-1.0294545379935665,0.6144649352440125
-1.0024187428968239,0.48357146138503354
-1.036608498418153,0.509657996515886
-0.998507293064713,0.4624778955597119
-0.9366281934924711,0.5507822098430605
-0.9832586347514154,0.5173575516587668
-0.9095586836444721,0.5427791669374102
-0.9154869139126511,0.5492949646155684
-0.8812643259758856,0.49430269431137014
-0.964401716157269,0.4928255894698179
-0.8872504641387677,0.5704743435930233
-0.6954825354757647,0.7828254189462768
-0.9338731504818417,0.6885899267675231
-0.7367429643123068,0.6601800592250806
-0.7521635992250447,0.6568607852207633
-1.0641105350359672,0.41473936101296394
-0.9416324971906824,0.46574239792466565
-1.1377088196955436,0.39906483468125553
-1.1507423275744737,0.41466866851236317
-1.215985664307804,0.3660195485666112
-1.186003095051037,0.6769365739055261
-1.1456268567975607,0.7075604936761503
-1.0447450842050112,0.5887719726544991
-0.9960720068002201,0.8132716134945766
-1.043122086772791,0.7565969937213326
-0.8711943017261798,0.3720461281327112
-0.6936076001663096,0.3572433259141856
-0.8247772533583742,0.3634653290414779
-0.6929129430556642,0.3366729891788262
-0.7742067441581526,0.32766155426371657
-0.9285879554921846,0.5280802235396216
-0.8107349529005929,0.4585782843921027
-0.9360367493256829,0.45328247925657295
-1.0618498586323193,0.5196644511405029
-1.0480685618436723,0.41694983259898527
-0.9765249648904226,0.672260070596265
-0.9873443012427704,0.5894127528198136
-0.9160745700460982,0.6440003856972413
-1.0371321455142974,0.613131945366711
-0.8906293715962615,0.6154883954027796
-1.034182387666906,0.5743833265314082
-0.7875351809569048,0.5501898326522883
-0.9354064340035926,0.5214134663563901
-0.9204772487654703,0.5158142109480857
-0.9021547453304333,0.45955220833832017
-0.8754149588886968,0.32383629399247627
-0.5356488246651513,0.30305370660945535
-0.6614623875519143,0.3906965677787291
-0.6001955267185936,0.42885244035927733
-0.49549535945255613,0.29430825013770195
-0.9096474156582179,0.29277662068429255
-0.9541903817199732,0.3920569800634831
-0.6900231952924603,0.28997846773764385
-0.8848485191165381,0.40721555489723066
-0.8188991843676641,0.317821246530461
-0.6206738990399486,0.5608685102965001
-0.473344011740962,0.41247674640022625
-0.7707231555055339,0.5197892783199393
-0.5223562683015496,0.5528795939680349
-0.5271688224280275,0.4989806993370684
-0.7582732590213385,0.43695263329074985
-0.6810324490838514,0.4261081811684859
-0.8527813516508563,0.39725570684852457
-0.7230460610657254,0.40938361924737526
-0.9157052998150522,0.34530358035982617
-0.8580721443265008,0.5627259314461566
-0.682846542513948,0.4726768832351693
-0.7243044343039174,0.48697904290111427
-0.7656073188042083,0.526933199867339
-0.8468006584726625,0.4025162382303139
-0.7835434375336736,0.5155118072215646
-0.7121511601222789,0.5036086535398234
-0.7208701041976094,0.5547995244165493
-0.7473218294411803,0.5130977352864781
-0.8896253632343275,0.41234102697295055
-0.8051243007945603,0.6577486711074486
-0.7277513701432258,0.5440826116175463
-0.6012521860718467,0.6912281693328559
-0.7862848159782652,0.6315621495017967
-0.6928874564747602,0.4618693758960697
-0.7320950484486275,0.4159725256685552
-0.7402543664383142,0.49593885124673004
-0.9569230681066515,0.4587333785156909
-0.7158661006414145,0.4390149154201784
-0.8487027384956549,0.40975262284463154
-1.012258103369482,0.6049500594361802
-0.9764284825014867,0.5867351000142951
-0.7722281607345317,0.5100425106528346
-0.7959985253840399,0.5591745859669818
-0.9370492880506894,0.5168839827840922
-0.7513711886938685,0.5758424460118982
-0.777706751337644,0.569940931603537
-0.7873355294396844,0.6495641622752172
-0.7355695245957011,0.5583569553901617
-0.7919973868751308,0.4978592544336121
-0.7902473305690186,0.4943173921898621
-0.7196539367416597,0.4971805412985888
-0.8461258465396166,0.5278482393291405
-0.6344996303961,0.36349960567918355
-0.7380723617099938,0.3700631139052337
-0.8092854758576437,0.548020942379979
-0.8411599032184922,0.5097528431274361
-0.8053964627626223,0.4802118949356545
-0.7050466317919142,0.4711945250773037
-0.8818277961760485,0.40745888443788464
-0.5917407944625388,0.41103767204757513
-0.6181402310157236,0.5589839375184136
-0.6145145622645728,0.5185091168415678
-0.7472788441061209,0.4288464472039405
-0.6192442567869164,0.3626655532191876
-0.8033354134812322,0.5219870156174623
-0.797993706456491,0.332214307725577
-0.8307598833392861,0.5296698347783524
-0.9229133545349827,0.4305160852752216
-0.9700758676168051,0.3556401163788158
-0.7415016089945399,0.42730895957573706
-0.6734420374012317,0.4603891528480931
-0.7416621667285911,0.4501625289080734
-0.6839683922374511,0.39217420067499237
-0.7270485636942472,0.3494152286481991
-0.6230212744417296,0.6494665047889784
-0.5659796038615729,0.5215615380425753
-0.5245967941289464,0.5499466361639905
-0.5156324576417131,0.5010549403417779
-0.5321688369740856,0.5341172665920934
-0.852160220282977,0.44954062209005596
-0.9043670969167945,0.561412344498333
-0.7821866373085207,0.45760790967977943
-0.9699006114781121,0.5647860870284969
-0.8821618832858775,0.48038846884698205
-0.4878769137980477,0.29403972952930796
-0.5819206344882797,0.308435249348682
-0.8268735046406762,0.40448211309785753
-0.6203057958739784,0.3283691350915135
-0.5924792470127773,0.29417321089366394
-1.1024420486393733,0.6876529626189515
-1.0868808146986504,0.6155420922950641
-1.1543957956944018,0.6059864547142603
-1.1053833952961014,0.6065586671619467
-1.238513505496489,0.565672523769369
-0.8254073549116352,0.3646304991417147
-0.8327729923371279,0.39752240296433
-0.8920906639989484,0.3725710930131751
-0.9374295226842668,0.3659891423033899
-0.8898627753691909,0.35162519220874416
-0.9349087662702307,0.7277491643027333
-1.0217420488686983,0.6878945069082505
-1.072754315970099,0.7564519089852034
-1.0070795896375802,0.680536712290355
-1.0378505407680443,0.6266268702923544
-0.6043422498593692,0.46769047106872946
-0.6218508983157224,0.756020768009874
-0.6098569144362866,0.7000994220884044
-0.5965315423538649,0.6108054254373954
-0.5871875988858999,0.6309370769251271
-0.5164651612996184,0.5059319204625361
-0.5490721334453151,0.5485422544491056
-0.5993083534159042,0.4661570419677094
-0.53182189828542,0.43208838906870356
-0.5097524085938759,0.40237530853899767
-0.8495948065848742,0.46136620284811464
-0.8315887099310414,0.4814942751880714
-0.9923731294132145,0.44139828395246444
-0.8532664454508175,0.4645192380420746
-0.9712974476418992,0.375970332733275
-0.9839534301215422,0.6150839173008297
-0.948192522185036,0.48028115968831464
-1.0069376587119072,0.6171159669058106
-0.9292552707603173,0.4361321159802569
-1.0209350038135616,0.41024178939723277
-0.8803529601338662,0.32851971359856075
-0.8427279654176223,0.3575459658557934
-0.9321908706452895,0.4075529107863037
-0.771701739670388,0.4557845744177628
-0.7152910586897578,0.3525811074232572
-0.5755592121679038,0.7987739799490543
-0.5342426136106938,0.7650583089112976
-0.5486061925244073,0.7010409271778512
-0.47569675223662866,0.8752933263852033
-0.40758248087582394,0.7094533406903175
-1.0574389257038024,0.556947511149281
-0.9485210903397102,0.3524574086195488
-1.0923016034329143,0.5237765850161601
-1.0289221839410234,0.4478104526534436
-1.0703046627832404,0.39905961504608994
-0.8003644435405429,0.6086509922740414
-0.9373878552129061,0.4643471999640622
-0.9570533046654033,0.4668572700470777
-0.9607150734259791,0.435913854680268
-0.974692312197659,0.4192482311357996
-0.7034625301579888,0.6664295485023654
-0.6633052605107609,0.5579065067415694
-0.6302401989156163,0.5633722063127471
-0.5813637892574482,0.4586397251178773
-0.6516977333888845,0.4670589646544259
-0.8104064812537837,0.43083954829594734
-0.8047062661136242,0.3627117244592025
-0.7453371795442447,0.3998973535929953
-0.8532341522429892,0.4130467239466865
-0.9562661135380148,0.3233552966610852
-0.9695642451279954,0.35343095160861165
-1.1845235468887525,0.4333874626952959
-1.1039802607469131,0.389489758014451
-1.1887397695863946,0.4164558574510879
-0.9414902719845131,0.3172429551135467
-0.7747320309234869,0.46741399096511055
-0.7290163246892316,0.6526995796572259
-0.9940919652441456,0.436633185977828
-0.6249522114197399,0.5194782675998587
-0.6625202684545098,0.41254653876338765
-0.8503425575232204,0.5969098016089524
-0.6011830717100642,0.39550693482634625
-0.8810418027212275,0.5439246167158471
-0.7306492263479836,0.3686406178575712
-0.8127119487684068,0.42982464278610705
-0.7191413252186246,0.5887670172049515
-0.707331409553136,0.5512402819981147
-0.688771087521205,0.5945181064870015
-0.711682529415902,0.6375390145437053
-0.6972145906522287,0.5442347723829473
-0.8732250446415923,0.521019868121236
-0.7271370480401804,0.4496857318550546
-0.9119451997721899,0.5414058463599144
-0.7100256783099376,0.3265211448892372
-0.8296668610031483,0.43013652745152975
-0.8344284018516052,0.802658283849838
-0.7674498549072143,0.7248666964737494
-0.8682638611484199,0.732145120670502
-0.788853619070481,0.7117567527825294
-0.7999817159800514,0.69698589247835
-1.0038034208318574,0.8923672600661476
-0.9506177394240288,0.8477286154821659
-0.8998358808156383,0.8551077379865865
-0.9527592250445925,0.8979497691091943
-0.9433845530116352,0.8258537038189173
-0.7625653627271397,0.5448547187974856
-0.7967701775914112,0.4735354005960793
-0.7224727225502137,0.5613302271913994
-0.8279542266064893,0.532534373080897
-0.8170473433778831,0.43191925079185534
-0.8306997461522319,0.3463240442550892
-0.8539824008080149,0.3650115090709039
-0.6604442268959532,0.345555472172168
-0.8593246836414622,0.40446396896217973
-0.7919178921042959,0.36362931253546077
-0.7609841395016548,0.6604802593107931
-0.7727050731443589,0.6780126105759381
-0.8165679200355724,0.605348758648374
-0.8013854941402228,0.6728931882576098
-0.7976260717361101,0.6017233570789619
-0.8617054589562856,0.604409919318053
-0.8929976784206747,0.5794076348541171
-0.7823966577964215,0.6513791997779895
-0.8480982504041189,0.6404686207514771
-0.8599179573216373,0.5419030574348843
-0.8556970708002843,0.37796557022162836
-0.9825665617936776,0.37381328156177107
-1.0517832292264946,0.4395043398087802
-1.0918635864290533,0.4203482737908879
-0.973152746162201,0.32542403053290114
-0.6752556618519916,0.4642365279987102
-0.7524060972127216,0.4953419166515363
-0.8597846684662485,0.5938950894855717
-0.7339519987324614,0.517646873829196
-0.7696800451584312,0.4435134434241212
-0.7345508075720467,0.6656094507492847
-0.6737679342443471,0.6366851608722552
-0.8125946472555468,0.739143345327352
-0.7281152264971774,0.676638830434868
-0.726336681477454,0.6342695196928452
-0.8457159815483327,0.6438904322722057
-0.8786850609129379,0.6921288717173549
-1.0948518305114274,0.6836978611848131
-1.1677954711936205,0.6193948952124411
-0.9498515079562517,0.4813513070858645
-0.8715478716664751,0.42108511157094364
-0.7924391225632416,0.38906929102977783
-0.7528935597686793,0.40128221004369735
-0.8524854760775183,0.39534181361394755
-0.9059081178779221,0.34804302494639017
-0.8105431389298563,0.6839768987867606
-0.7182961021749803,0.5337973092884212
-0.7600139928223455,0.5981578254403975
-0.7973655198190366,0.5661882132626539
-0.7726294022162816,0.5501611332801788
-1.2145622398922007,0.4322817319825462
-1.1078690007970526,0.5756335340160338
-1.0215141986092657,0.5132336118931211
-0.9895481495611369,0.46308790814874773
-1.0413527886779277,0.45211512288925637
-0.8532195065234242,0.4331031705874797
-0.9585813075000018,0.41326343781894553
-0.8788505359484584,0.44101642816330405
-0.9166726645083875,0.43540261535709096
-1.056628453626094,0.3732365765150991
-0.7759019628239298,0.4281657151213077
-0.8486968463046293,0.39751108646824845
-0.8819665798010616,0.4303432248856853
-0.9304196771730335,0.4435794162738421
-1.0208953750456804,0.3671471491447092
-0.5597132964273301,0.4554374173700419
-0.677418872171956,0.5025362461871535
-0.7246862940196019,0.45439834895318015
-0.7009632699284337,0.4164464499138664
-0.6414516131356354,0.4136124347486473
-0.7339473952580898,0.6258441993521874
-0.6981395284296927,0.5231548256374043
-0.6949208022923582,0.6734594943893901
-0.7212928517508661,0.5560194329277327
-0.7414628731184898,0.4992481749155601
-0.7034561695950047,0.5841827028131112
-0.9957953465476856,0.4950435842017376
-0.8850508199290688,0.48679080453631124
-0.9181359671350922,0.4778633288094603
-0.8855884706455966,0.46260492886783344
-0.980792866414998,0.40997788093651305
-0.9307449099790678,0.4791805719384829
-0.8879398769703829,0.49741552807027606
-0.9615866666981581,0.5345431545058741
-0.9224398899901719,0.4326597226576509
-0.8039421611495883,0.39771625147140083
-0.6982079436048121,0.4214710586547602
-0.9249601058898729,0.3852366027723462
-0.7250203367331615,0.4320353753271465
-0.7180240636984321,0.32334839122162434
-1.0802576624277012,0.7009534124415303
-0.9066575193130417,0.5231926111188613
-0.9912622467387577,0.6300745953039592
-0.9157486525137719,0.47869824388696236
-1.0888563360008934,0.5242337577694073
-0.7870785962108553,0.47312895759136425
-0.6939188325180865,0.44881969599725147
-0.8045248285175735,0.4112431622636523
-0.5694207412327223,0.46440550568312494
-0.6436603722808382,0.3979379082070545
-0.902609244712863,0.42891928380890487
-0.8735515077191278,0.45154294534116235
-0.8879769815288606,0.4150244499264126
-1.0416861531127464,0.47833397003342193
-1.0104437154843284,0.3829659540106159
-0.766838180874034,0.6044411005996321
-0.6575745364879427,0.5752755526392879
-0.6593009330590807,0.48338216558404157
-0.5805218733747496,0.5988183644158339
-0.6834472689647164,0.4605507147223709
-1.043079108425669,0.5392798696832716
-0.9762705552949912,0.6100086337406202
-0.9479060009754878,0.6541914493984611
-1.0985359430297803,0.5910766861684806
-1.0544661211113497,0.5481940375002969
-0.9389056139531284,0.5549050100153713
-0.7747509196840873,0.4984737979138342
-0.6879996072883499,0.4186563498061821
-0.7288132181042946,0.5477680100956326
-0.8436707761376081,0.41997867284709167
-1.0064328989458002,0.5840223204149336
-0.9121374620125949,0.5863467994326412
-0.8719238363241644,0.5252762670766477
-0.9395387131519133,0.5459398880903588
-0.994755717608024,0.492561008123688
-0.8714032378583361,0.7092467013362453
-0.911092818634085,0.565851400420088
-0.9466203028458479,0.6645631484260076
-0.8658453164898515,0.7266167338499526
-0.920216526081079,0.5484949567342486
-0.8789941130443308,0.5477225658041185
-0.8461171106672919,0.4745486704580078
-0.9691352585984119,0.6006295561444809
-1.0504636041064137,0.4427833588642261
-0.9671666242746911,0.45516904294089117
-0.6846674756608746,0.5524748051501019
-0.5958184351576843,0.5569768725702694
-0.5568636754076963,0.5779290469625972
-0.6092335064204866,0.6137362222148347
-0.5715931161160303,0.4378319899394918
-0.770752429705686,0.6854000353819519
-0.7062248122389376,0.6372407311089436
-0.7253203874654736,0.7123671391137065
-0.7804196453236816,0.6506566665301434
-0.7448953952583688,0.6237016598331243
-0.7492943822376553,0.7835211800575798
-0.7118756017034352,0.7680483490028917
-0.7062658707945448,0.7122995308439674
-0.7239097963842169,0.8236722146668166
-0.7140242939281033,0.7568063796604974
-0.8362922075876846,0.570240219796198
-0.9173969445491506,0.5640679097971081
-0.826438769362265,0.598341914482058
-0.9488816496110286,0.5876381989524446
-0.890240768968891,0.5199929072416043
-0.8132878455522364,0.452201759009279
-0.5633940438396353,0.3689818817839987
-0.8058696585617915,0.6507534496535153
-0.7919119656184074,0.5642982324264774
-0.7258024532300714,0.4129429585746528
-0.6327212920386905,0.4247050924077719
-0.5007960635444939,0.3282524767311756
-0.5840938409791102,0.517732148847956
-0.4278124821812407,0.4038380383526246
-0.4828293320778907,0.397098392720581
-0.7082601721468312,0.5546250714760921
-0.5914551449996891,0.43387010422295735
-0.6629012104923542,0.5189636143971703
-0.5569331751683977,0.45714618568556264
-0.5995344108660128,0.4662074828474243
-0.8092550415273757,0.804530956299549
-0.8784189214475517,0.7841047650357791
-0.7748563092289967,0.7500753903132379
-0.6628152446538423,0.7116437876658478
-0.6587446537175621,0.6563042171442444
-0.8371085391800624,0.4826018871001753
-0.7173740211411899,0.362180314827401
-1.1609260661690848,0.4388949820006534
-0.7245807683769724,0.4920484668270315
-0.7877065017652429,0.32823311056377297
-0.6843163916956064,0.8392398455782601
-0.3691731275506861,0.4673458641768861
-0.6120254306793984,0.8138274653802641
-0.5435179647548434,0.7868630424391896
-0.5008287212482587,0.7527832188311536
-0.7518919477828434,0.5134606917728959
-0.6472505682377907,0.48070171823817764
-0.6432145360050749,0.45805199647621964
-0.6364012572058,0.5618988539186216
-0.6494138968154863,0.4692118403413187
-0.7072367205458066,0.8034458807173751
-0.7152326391179538,0.7088208769709228
-0.6958781409259183,0.7181909225735377
-0.7535498492443974,0.763831789873541
-0.7004086841005613,0.6908254283120067
-1.0395311390415407,0.5734967462401261
-0.7805399263356679,0.48975854829181076
-1.0019027256713944,0.5150792529130426
-0.8203047537592846,0.4419189373366971
-1.015808113616275,0.41627418546073897
-0.998009264500764,0.5566492844163123
-0.9534402144480687,0.5504382243886159
-0.8980022713145497,0.46393873574545424
-0.8790063045433871,0.522372628313218
-1.0380588386933431,0.44148280771013054
-0.7446127766959798,0.5314394190622047
-0.6401589931213402,0.7558416421414996
-0.9744902972816676,0.4656818770644328
-0.8879870367471023,0.5730121654018391
-0.6265490131796494,0.6941819437800589
-1.000684784811067,0.564310620079157
-1.003110648784764,0.5274606897237565
-1.0243524933004717,0.536147223225213
-0.9221272070261748,0.5743934352544581
-1.0707626700555684,0.4854532540168858
-0.5283446331914372,0.3582835739106107
-0.5528754877265775,0.39210668836750745
-0.6783314286532758,0.3215866091469993
-0.6478967336244946,0.44149159518368986
-0.559734748694728,0.3306961947614619
-0.9776912295082243,0.7682417276318212
-0.8107679943776015,0.5812364539465127
-0.9397951589756524,0.7212872010206357
-0.8498517541937677,0.6208720728222568
-0.8707279005187785,0.5622589743757012
-0.742150822457101,0.4655918820134213
-0.7192412911293001,0.41938636673445673
-0.6864557771422731,0.5664504576895208
-0.7693468183582576,0.5356895994920193
-0.7148701337426477,0.4155622307771596
-0.9516680860036233,0.7375607534797396
-0.9703382966269266,0.6648626662994653
-1.0475938618630711,0.7688497094928799
-1.0371300904936713,0.731574166110247
-1.0567372971563223,0.6215645602549275
-0.9200435387540712,0.7856567271162208
-0.7562273656079025,0.5855667554487586
-1.030078594355897,0.7004444654232408
-0.9286799110355833,0.7031090865499462
-0.9638055251235277,0.5376203109567087
-0.8514294169188233,0.41925297596574335
-0.7628463539922615,0.421596295544339
-0.9366290522236367,0.4525635027370098
-0.8630075573133437,0.4202234721352149
-0.9128539836100886,0.35041484128668227
-0.9171200128428303,0.5073255909145676
-0.9050036867075917,0.5488977889879201
-1.0185529752445421,0.48289852060154337
-0.9252414722747013,0.5393550635366158
-1.012829309951109,0.42092640534274645
-0.8917904290641925,0.6658116850804545
-0.8244098282019545,0.5631366139664453
-0.8400866698034722,0.5981424271839972
-0.757428311770346,0.6006390594134197
-0.8845266975310192,0.5072777188328
-1.0539158299296576,0.4756332351803099
-1.1973807338986158,0.4532228135106354
-1.270641411515783,0.48614470707195634
-1.1373904014681604,0.467328957830519
-1.21504320507655,0.3967895619211893
-0.5840345452122417,0.4886072124808233
-0.6315870347397103,0.5549006378779907
-0.6726227387731819,0.47094952749897667
-0.702014343553298,0.621453951513106
-0.5690107614993875,0.5057399597589171
-0.5778220822455723,0.6978008095047723
-0.6503570722415428,0.6670359391811848
-0.780059745515964,0.741177729430385
-0.7731832776388267,0.7356951432211234
-0.6622676580562373,0.7263050698287261
-0.5643738094776185,0.7765807034095821
-0.5639378993820605,0.6091227909181492
-0.6133330323706916,0.5679215694143445
-0.5897824391862722,0.48034076542954723
-0.5160510484771461,0.5898522787843544
-0.9861347555718801,0.6806862841693928
-0.9976114604734468,0.8369200705807704
-1.023368479221228,0.5557241944857004
-0.970358722497714,0.7887618031968416
-0.9370583426790853,0.7252149475866383
-0.8450886044218495,0.4191522629381746
-0.8412815659787005,0.4234278592842341
-0.8465193102899494,0.3752172895954024
-0.8512704291419841,0.3898975712069288
-0.8832812646278625,0.38832127019728574
-0.5231956345468726,0.8058796995611494
-0.422293929543227,0.6782308188087651
-0.5349406915398678,0.7039448216442225
-0.5846895287261116,0.5352212076804092
-0.4739456220302252,0.7050486391454572
-0.7411775788201089,0.5972372639648502
-0.6683790645891434,0.6526029088089277
-0.7204185917791774,0.5828903288645866
-0.8337617350904285,0.6705462542304309
-0.7617733768838593,0.5061204754691673
-0.6919689352672456,0.7955084610001965
-0.6345787636030217,0.5890979678197021
-0.6860617244813558,0.6174687070022847
-0.7208891511443491,0.4488844808886417
-0.6255349898412461,0.6367807626556317
-0.9516376760967656,0.6390277048442681
-0.758282408836787,0.520680399332359
-0.7812153365298927,0.7843064064193503
-0.838742026693568,0.7306433987170118
-0.7667731767071306,0.6239674366391617
-0.8829243809367225,0.6066618663339538
-0.9298302226630878,0.6327382904197805
-0.9762503794241327,0.6234453910411619
-0.8465031328324175,0.6544222741364222
-0.866220310635394,0.6080225047901838
-0.5992562821129531,0.44396056462951994
-0.6653056756199115,0.4246428882894912
-0.6116814317956267,0.35574796326969615
-0.6823363663057533,0.30598733243395393
-0.6637344194851169,0.3184787018536836
-0.7020529221936122,0.6095808305583206
-0.7402629711115195,0.5365580619967721
-0.7597458577299429,0.6003521318504473
-0.7043003708506769,0.4722088942592351
-0.706685516888413,0.4759226377365915
-0.6922107453578277,0.5440779231075213
-0.6491333144389144,0.4658171961904894
-0.5827034637433419,0.4383191170457434
-0.7703019692017661,0.48633777445387716
-0.7165219253930949,0.39207125080140126
-1.083377744490081,0.7649444088754629
-1.1447937893241866,0.6154316679709313
-1.1996971503015494,0.6950363272381487
-1.1448803400410963,0.5990045754545266
-1.1402195638306007,0.623842079713314
-0.5933166815990436,0.4699821223756967
-0.7173581281982642,0.4109582748091062
-0.5365248956399215,0.5142945056114617
-0.9073757910274288,0.460458410184381
-0.6202403070615522,0.3530025834473805
-0.9416662760673248,0.7005867509893072
-0.6367497208294987,0.40147315954419815
-0.9912572841021319,0.6778055483588322
-0.9851198245708317,0.6258054039863382
-0.9083634453663734,0.5155100977771835
