slope,r2
-0.8502489740705913,0.9525093975700575
-0.9711657680512183,0.8635849197247664
-0.9332960216953862,0.9076555888068051
-0.917022459059284,0.9106440236711418
-0.912640982056314,0.9186983193662174
-0.9638246696780127,0.9585238826074431
-1.0657435237053032,0.9030063253807429
-1.050293077900123,0.910750580109884
-1.0759333608031156,0.8896506330236951
-1.0336377403813188,0.9226146432616349
-1.56912621719955,0.8453326288294418
-1.628698559996701,0.8070413040064319
-1.782692350658413,0.8067713231996846
-1.9377933406795604,0.7992123178600257
-1.6963298455342037,0.827603050438785
-1.2442473493074933,0.7124446335665416
-1.2270732021660877,0.7189965048436673
-1.3271420254777249,0.6986269557016866
-1.2546466795111264,0.695079500668779
-1.2791254328473065,0.7033900758033789
-0.9917720610549976,0.975176237477844
-0.9731291725818896,0.9437201556548455
-0.9996003714012565,0.958716952465024
-0.9577969898242101,0.938772102646406
-0.9810695997976702,0.9589954263149778
-1.444601718491265,0.9309449170511814
-1.316393441763003,0.880612551744993
-1.538086112193466,0.9133024089864417
-1.4401546437667136,0.8699905580449405
-1.4298790802060395,0.9025932500331749
-0.7537756878064683,0.9236081956470908
-0.7267849660799203,0.9173203589620664
-0.7901784717053144,0.9323785964440092
-0.7496845190677738,0.9255949989324775
-0.751758739719657,0.9227940473151561
-0.7996653043041394,0.9278348189581274
-0.7319002171453721,0.8984210053138588
-0.6829436285066526,0.8781796001562509
-0.7341668850699302,0.8955319848006649
-0.7282219261612631,0.9024997110387896
-1.3788140827197735,0.9129488368945404
-1.3735834366861412,0.8748687212799293
-1.3873645679090445,0.895265049532758
-1.3724368216924934,0.8760561934238689
-1.3759279327194904,0.8924746015490312
-0.8875178840620258,0.9358726491486145
-0.7765525043312728,0.9247019943070247
-0.8349431903096554,0.9040101569369139
-0.7616835831415654,0.9280418189280256
-0.806894134836041,0.9305040048309321
-1.082592094452528,0.9733393319391173
-1.0467015015278887,0.9534598472503216
-1.041917828911234,0.9721015364342923
-0.8170413026306509,0.955842043346303
-0.9901119410190589,0.9723800367368336
-1.3748325406481137,0.7391668587822193
-0.994246583018424,0.8166948700034404
-1.4014129072299208,0.7288398887592407
-1.2736478537214386,0.7633391991169362
-1.211161732773702,0.7874786616714625
-1.0248892847826694,0.9368022044989338
-0.8118319883484284,0.9549228991180531
-1.0283325269819101,0.9537270240727723
-0.8892598168052015,0.9524068897755891
-0.9343305877380199,0.9550341117446394
-0.8078408702799809,0.9464545660430244
-0.6387205196825271,0.8788383840275527
-0.7848387027586641,0.9413493387649764
-0.9133987260546181,0.9743255934510773
-0.7705920928816774,0.9354322233207192
-0.8246204551839483,0.9419313057199613
-0.7350273626765487,0.9070753604752149
-0.7791396742224054,0.9280584238523569
-0.6836840809727628,0.8902365886212229
-0.7339768933624701,0.9007386873810205
-0.9406040774800516,0.863683110609001
-0.8820586384281195,0.7039861107259566
-0.8534384010857776,0.885992101310281
-0.8513490989601707,0.7766415561008985
-0.8777523349059989,0.8210823096021383
-1.2537899332697053,0.8186430326743852
-1.2601749818554406,0.7522191356528481
-1.2041405696798997,0.7745934861194317
-1.0092448542545862,0.785769662887298
-1.1587247507236216,0.802214018665685
-1.1206881222978482,0.9201556890847677
-1.0758526445285503,0.9009225586799944
-1.1446732857466597,0.896821816066945
-1.0596833148800007,0.927864478101808
-1.09551694326837,0.9169576641021056
-0.8439641477135974,0.9539555702177507
-0.8435729846442073,0.9390302010002196
-0.8649653554185147,0.9451921873413599
-0.8044354824432262,0.932437957425969
-0.8329194742570379,0.9477575905096183
-1.5598296101483233,0.8263209925813365
-1.4306738222891608,0.8281092654133906
-1.6781222435238057,0.7573585998428409
-1.423334672062065,0.8387339404647707
-1.5018589307952395,0.8235291809100572
-0.8262978231739551,0.9474045159227164
-0.8383424495440791,0.944862438947357
-0.8150473982456022,0.9442793257551262
-0.8277055204666183,0.9548579793178815
-0.8229219949847599,0.9521647882392792
-0.9248594948979929,0.8989492190275649
-0.781421254923932,0.9388843216109486
-0.7465079738258334,0.8894162499947732
-0.7972409151555337,0.9440671179735708
-0.8038550412629496,0.9314753521840573
-1.1359999361553865,0.7556880137438756
-1.3980096593902003,0.6750293950039186
-1.0302732880893035,0.7367099491990382
-1.239575902420166,0.7562012517913019
-1.1720793884088774,0.7486753653969574
-1.1957183378900067,0.8898342136585851
-1.1711685504869975,0.8637200703398237
-1.1702565717195776,0.821641636594742
-1.2720423726974823,0.8515552764437921
-1.199770320119279,0.8592662193168289
-1.2046607688739848,0.9126477123814892
-1.235596294149617,0.8975744427796881
-1.2989455598250705,0.8834023822034733
-1.1667126773016718,0.9304967210446006
-1.2193928271881018,0.9119157345410519
-0.9887710821124331,0.9565991160630926
-0.943357352395857,0.9584651589314496
-1.043592795931369,0.9197671846909611
-1.084086712711518,0.9262445863823097
-1.0109546674587753,0.9489540348574415
-0.8542654900971087,0.9355481379663884
-0.732106892278929,0.9157658101759599
-0.8256466327534174,0.9227905045717151
-0.7218208569826778,0.9095842251534227
-0.7529760649721535,0.9011964624147106
-1.3306870966386994,0.9000476671905879
-1.2235991720099535,0.9172116139153376
-1.4681971774197997,0.8737844336720639
-1.3162146707967992,0.9097713031735194
-1.3227399922066054,0.9060262144302058
-1.1247810008507264,0.9269076854611544
-1.076257894061738,0.9553694240525364
-1.2018424208420262,0.9109242205918382
-1.0888361384355543,0.9573645628911269
-1.1185186843867558,0.9428491954850744
-1.0039016467219763,0.9605039531619071
-1.1672792563456236,0.941037389331619
-1.0697689621221504,0.9317086015582691
-1.1469978059091581,0.9304803477242164
-1.0920737687172486,0.9465878189197473
-0.8276646525110005,0.8706577814243989
-0.6546968475604765,0.7572506255209827
-0.8311241142020942,0.856575823672547
-0.6998538958709015,0.786934026830032
-0.7508558583531947,0.8370069702452112
-1.109995320412082,0.9805838589343512
-1.1026459806165314,0.956081805973497
-1.1146721287851982,0.9604786631954613
-1.2065311276344328,0.9175253472268683
-1.130106811429356,0.959484317724447
-0.8702845980063258,0.949170306827989
-0.8773144811978643,0.9491018135882023
-0.8796948285254073,0.9530846910252757
-0.8302725390930221,0.9348315419524577
-0.8624810461724314,0.9456432177511527
-1.5181137216974876,0.8776034684951018
-1.3544333043141066,0.8956598389990637
-1.6321286695283475,0.8666878175299784
-1.3100255738020867,0.8911039543488015
-1.4337462227681765,0.8888930695880297
-0.9159249256292729,0.9247001913986166
-1.1129285706891738,0.9233140706297469
-0.8331174393906489,0.9263529108473558
-0.8356338492706025,0.8706483805960561
-0.9115538360449251,0.9277317482573604
-1.9993174714293138,0.7876173638931061
-1.7103243373744728,0.8000533003136108
-2.484541347933233,0.7781637972637849
-2.219619422783031,0.7685031325744534
-2.006489356024235,0.8023432361812913
-1.3291766835828993,0.8394456825556955
-1.0365690575536832,0.9030472430828597
-1.4277221518890826,0.8189972562358868
-1.0516718752284748,0.8996155389922502
-1.1718440707819124,0.8815197145300728
-0.9019627591497908,0.930240455091196
-0.7768088389146262,0.9335121209491777
-0.6862271326163286,0.8902163961878355
-0.7317923432163493,0.9237213815692524
-0.7661070445348063,0.9301833743904114
-0.7877659561576914,0.9426296244817498
-0.762146292048206,0.9339292341668218
-0.7462832068887751,0.9280047152601925
-0.7972161356723609,0.9440846555925516
-0.7696283756392659,0.9384365376330019
-0.7888740367525393,0.9438207887966454
-0.7981569948551503,0.9419180719759395
-0.7988312234792886,0.9496132549281627
-0.7862839040879945,0.9401330493337786
-0.7816119355383764,0.9397414974019254
-1.237872476285804,0.9012397492125664
-1.2728098181366676,0.8332999280087968
-1.4372709166633335,0.8553196961784751
-1.2896090589810791,0.8091697404177588
-1.3011452827333692,0.8560114805017892
-1.0987254311198862,0.9466479192149521
-1.0161096164417676,0.9237259869623068
-1.2176717977047817,0.9092646212043889
-1.0653068284445728,0.8916338399034535
-1.0933940465997698,0.9256710855814327
-1.66003812707288,0.8527499813734164
-1.551413392308944,0.8371022205588836
-1.63737717983017,0.8572701193591823
-1.3875621774888505,0.8419131930026632
-1.543883507765673,0.8554537219163898
-0.9538339778161937,0.7454099726195204
-0.8574584789497146,0.7368127394552559
-0.8915967307989481,0.8010905486990154
-0.7118581939812528,0.7297707256094236
-0.8302027139093254,0.7879023640780838
-0.9015787082554334,0.942740308544336
-0.8406972114617829,0.9507368170407117
-0.8723151096884388,0.921861998984563
-0.9098087576938163,0.9553922511801904
-0.8645970576332641,0.9534579359555367
-1.3888082105595516,0.8223435494993591
-1.3381115497345062,0.7479309443997928
-1.3170532070029128,0.8155898985266445
-1.1839192366300444,0.7464862582484793
-1.3498327027416543,0.7597110176285963
-0.8366406426448637,0.938157398448246
-0.8500043093334827,0.8956270784120542
-0.7690656533133319,0.9203581095996988
-0.8416564026782453,0.897215545031319
-0.8025264665688435,0.9328643855774986
-0.7096878397418618,0.904026747352249
-0.6619002804008616,0.866454554243548
-0.7273770135250713,0.9064181028365111
-0.6367056842419606,0.8439136291288049
-0.6792277491940817,0.8840558799713136
-0.8918868408210878,0.9469630042062341
-0.9493104315889339,0.9087446727964285
-0.9748521045301486,0.9185853434023787
-1.129754582194851,0.9105450997510925
-0.97579172897089,0.9292116451422839
-0.7640956522541481,0.9418656669079835
-0.6616489538496652,0.8960153384953792
-0.7426365455414462,0.9038758854234302
-0.7373036403519346,0.9305066254883777
-0.7220442252859178,0.9311013240190488
-1.1070181082271031,0.9160316471861909
-1.048284197190678,0.9006036396805778
-1.1106472030265353,0.9086787814778222
-1.1462191070104575,0.8775832849438883
-1.1014143120475495,0.9021314784617976
-0.7932412569775866,0.903070640184007
-0.7720242652856085,0.8066518970455947
-0.7952875841499787,0.9221718355116124
-0.6968012721858918,0.8814575851917218
-0.7447815216449484,0.9037439075265272
-0.8007310444636117,0.8964896951454056
-0.7023900704451757,0.7413938405213424
-0.7951458663019079,0.9129892420881631
-0.8305271276125095,0.9088624010035748
-0.7695409873390304,0.9136359433458076
-1.1820240240971978,0.79379786109018
-1.0038521194213776,0.8046362151751447
-0.9792045588623395,0.8375776592257288
-0.814272613793433,0.7972517063721455
-0.969574928572095,0.8272662610179748
-0.9765178774349563,0.8758169128009521
-0.945378484446518,0.8268624898816805
-1.0978230449672748,0.7993964428691072
-1.0733927990159864,0.8100887873379035
-0.999820098004503,0.8525373878609634
-0.9568142243343172,0.7758537548935086
-1.0806517500953403,0.7344145901407619
-0.8735993377762686,0.83287301830729
-0.9652034482928195,0.7833631566996072
-0.9436870010611255,0.8021991972705947
-0.815251005491175,0.9294624300315858
-0.6645609204030861,0.8676952091072309
-0.7828718486095452,0.901567623283062
-0.7217393088888463,0.8949013434311025
-0.7036024598466383,0.8780074439692086
-0.9365868938286457,0.9273646599445985
-0.8738092978292088,0.8886350614052319
-0.9039724060673175,0.9511810795883671
-0.9580300494131183,0.8611314360254788
-0.9097674295329012,0.9217682595640738
-0.7062220500578504,0.9196190889567837
-0.606018300333677,0.8704704835879165
-0.6644740267192574,0.9070455387746764
-0.621388860353852,0.8784351778802394
-0.6487720324466876,0.8973505645934761
-1.1443373024311687,0.7225884596556188
-1.0371748700958086,0.7728762322200676
-0.9085194474293962,0.7686846601056451
-0.7920086489278887,0.8556822757127991
-0.9303089257557989,0.8135554643165831
-0.7124273174463935,0.914601081495614
-0.6638425301387444,0.8968846051605321
-0.7385746940223854,0.9229507914595191
-0.651366042467341,0.884810126174606
-0.6865109375660449,0.9081303726205554
-1.0414304688643148,0.7921732568274482
-1.1499309073107686,0.7315408698457065
-0.9233447425045889,0.7696634839667513
-1.081521006669716,0.6854769799347031
-1.0198223467123937,0.7675323088871604
-0.8323366888729478,0.9089089784995994
-0.7473988189150809,0.8487681358685322
-0.7685864893697593,0.8965862212365358
-0.7429840402504022,0.8459341783199622
-0.7693281040462366,0.8822852156605113
-1.5899516768935704,0.8301197343231385
-1.4349023819695232,0.7924626516153822
-1.5855251692221939,0.8594636166736601
-1.3186322985272259,0.7846495034477989
-1.5548087308247183,0.7863283361722199
-0.6403188359178259,0.8877038029875081
-0.5858634440411736,0.8493602745992591
-0.5924665614784987,0.8582988539078291
-0.5940636743005864,0.8570110428296728
-0.6011123826373026,0.8633422092970641
-1.1494062976808412,0.9442513183883048
-0.912175189128972,0.9580550960041815
-1.2010460706974306,0.9443575604790408
-0.9690534960696171,0.9604452328073797
-1.0456109299236105,0.9582516687086176
-0.7969614254246136,0.9427161491065791
-0.7570606788000525,0.92555644304967
-0.7595106105283431,0.9259917787184113
-0.7171289520548836,0.9084118091188734
-0.7561096033734406,0.9290609202715003
-2.1747606006586366,0.8656278614928522
-2.1338976260885216,0.8541585917827289
-2.253697236059923,0.8823762335720887
-2.2121211797818434,0.8789327206350065
-2.2615196345390016,0.8363377867173529
-0.8184856053235545,0.9476988765300921
-0.6955158811677034,0.8709474407084193
-0.8379468611031015,0.9571720508188324
-0.7343954300573611,0.8548545595254301
-0.7715496863077926,0.9225074343402071
-1.9782697619481096,0.8864328961242562
-1.9115556157712237,0.8720223662786291
-2.021140262378799,0.846702336384194
-2.04594044113893,0.8283256424823047
-2.009080106617766,0.8723571454401771
-0.8387411619514133,0.9065213120916097
-0.8656241616605143,0.8222819003639658
-0.808965489678942,0.7846755907893751
-1.0171126433461972,0.8664360198107618
-0.8741177990362708,0.8580376777902485
-0.9371452915032266,0.9603378860808909
-0.993469790574348,0.9690149250122543
-1.0163671469749551,0.9685634599540479
-0.9624742735027915,0.9662126675618332
-0.955107777918667,0.9637425529780861
-0.8940173578611429,0.9606847145311402
-0.8062612974348186,0.9256968699968862
-0.9914582944309736,0.9739195925028387
-0.8846979971236646,0.9501929466941449
-0.8738604940262491,0.949990193267639
-0.9674901917272521,0.9198091928067545
-1.0355998764668872,0.8899806115810974
-1.0910226137112466,0.879037974509486
-1.0618123565202358,0.9014395011330497
-1.0334686573920384,0.9028465510245736
-1.1502823737753936,0.9364595196526643
-1.0712237572104588,0.930561272293835
-1.200429257199048,0.8433055923175011
-1.2484746063964263,0.898339258256933
-1.1589956377584083,0.9094274279379848
-1.0233740458177503,0.8409517025391201
-0.9118646417228272,0.808923058778709
-0.7918079127522959,0.7948226144714331
-0.967131980596589,0.8344470569035484
-0.9123479641792809,0.8366921082783122
-0.8413366160362594,0.9456034978483265
-0.9014187043556605,0.9296867789636889
-0.8566747344449758,0.950399523896436
-0.8828358028332117,0.9419561119858725
-0.8605761605405862,0.949366241227594
-1.0267367973936015,0.8329260762059049
-1.229653368907421,0.8067960009628767
-1.0103619456426247,0.8200474402147706
-0.9178516193739434,0.8563338533932409
-1.0286041092913718,0.8435978435687729
-1.370804052663182,0.976569624425678
-1.3478110537546306,0.9399575968655253
-1.4080634600639317,0.959115076586746
-1.5079031283375424,0.8793941328699203
-1.3889809129518778,0.955264685481709
-0.8410875853632015,0.9464980373644928
-0.8754903139357906,0.9427479550175949
-0.9173469431412334,0.9556221019112292
-0.9802376171294521,0.9594769504213531
-0.8981831235695781,0.95668489698564
-1.4713276886338524,0.8591346258026797
-1.7269304059681185,0.805557261486608
-1.2936513865117027,0.8507864461936508
-1.4315526758263128,0.8261389661536712
-1.453427267608344,0.8440651237922983
-1.2106565779514258,0.8534628109348178
-1.1511204000327964,0.8320905687135897
-1.2743373839528427,0.8402122602670308
-1.1395868095164334,0.825653281794068
-1.1907055671365883,0.8402356972700301
-0.8793183272994972,0.9529907476365155
-0.7731479084343723,0.9348327174305212
-0.925427313625427,0.9430903419614401
-0.7800199658250281,0.9325945288204852
-0.8368399113071192,0.9493483232970382
-2.31486652991269,0.8531808559681833
-2.243435678858259,0.8434981713990074
-2.300159440194838,0.8582690693992742
-2.2799583094016502,0.7997039139186044
-2.2787567439346437,0.8304527243075835
-1.084065675175315,0.9327271172834449
-1.081759903460389,0.9476420691176718
-1.1408210512765293,0.8999658357955432
-1.0788188501213312,0.9139061112218829
-1.0942737067661303,0.9262834687556315
-1.5028025809291468,0.8309369757880094
-1.5664129368570527,0.8506318196633328
-1.2940289021242073,0.8623997772607427
-1.3805310528105337,0.8526076511390978
-1.4196617581245672,0.8556962637841689
-1.4100791246864852,0.7991114430192936
-1.3017871509594958,0.6869682571129095
-1.192491247379683,0.7364240741494833
-1.2764514503568958,0.7131380819753055
-1.281658377900166,0.7515925874581415
-0.8580571032670233,0.9630757071440268
-1.036038563776187,0.9177035525193544
-0.951391749030161,0.943242861325933
-0.9774233857372997,0.9317869877023534
-0.9501912215686099,0.951577649389029
-2.423500870835478,0.7520564139736731
-1.8012526610327846,0.7946953476204394
-2.4398716808654535,0.7474955394359325
-2.188522778957062,0.8013034442898109
-2.1314410019081595,0.7973007979358555
-1.2563519787364612,0.8741998538146446
-1.1183235094739323,0.8595712534552119
-1.2876673906410752,0.8546162069317152
-1.1296230594741279,0.8763220850712771
-1.1906445544381097,0.8683684803573986
-1.024066609334353,0.9642855444918363
-1.0802269982102175,0.931108484325111
-1.062660066329314,0.9396802288565606
-1.0698973487992787,0.9268107100984989
-1.0591871323854616,0.9466695575691457
-0.9051092756108322,0.9073486716556164
-0.8695261828246041,0.8699066435673058
-1.055164221755542,0.8436207632999488
-0.9157626149225437,0.8784468582129437
-0.9176558932551931,0.897326536765193
-1.9114976196577937,0.8407627327764612
-1.6555925156005893,0.848243736964912
-2.136462916647073,0.8047073059880939
-1.7095721889770492,0.8526016509104867
-1.8013563944008164,0.8532068609316553
-0.6948369318621583,0.8975599388582858
-0.7804904825941941,0.9216798119208832
-0.6850593151607904,0.8829700795657377
-0.7324820156104275,0.9087675137669844
-0.7110584366044671,0.8919890238202612
-0.989590808805883,0.9822400158948031
-0.9290549513406413,0.9729803531947125
-0.9198118127914173,0.9684353745301547
-0.9524854585371827,0.9683621768278845
-0.948434874758965,0.9759886697318827
-0.8756716427784718,0.9380692354382195
-0.8432871287208964,0.9241856777596689
-0.8835675772787165,0.9059194035053628
-0.8218587515555563,0.9191485889333615
-0.8518193310942531,0.9279248183049335
-0.721117049283692,0.9257866005248357
-0.8016772474880708,0.9531227311906937
-0.7245902232467242,0.9219636653861392
-0.7963260315180711,0.9526680568142436
-0.7588842892364371,0.9417922443677232
-0.7125339486387308,0.9110325266620639
-0.6570728884530874,0.8814721651673364
-0.6348698274552252,0.8740311748304779
-0.7136315551265701,0.9056335739519789
-0.6736624030258732,0.8893578699507765
-0.9335190707583028,0.9271119987425626
-1.0909966257393924,0.8621377989145237
-1.2643619465692892,0.8779473651800099
-1.2806746862277352,0.847002060278178
-1.1103741276350105,0.9004558248853066
-0.8088368685382442,0.9494038310355263
-0.8324814700359767,0.925049204580274
-0.7525493836220725,0.9283991879143705
-0.825047135620585,0.9318547515789791
-0.7960585718680259,0.9411431176430399
-2.10306281268809,0.8418832714919164
-2.102972243443167,0.8230254158461768
-2.2288375904894147,0.7921334369729429
-2.1815635208239113,0.804648209053647
-2.1773787953457666,0.8100895168120197
-1.4950194580024652,0.7828010574022014
-1.2536100788683944,0.7774383255023534
-1.3755720051362437,0.7589311534211249
-1.4395448153720978,0.7700034277251852
-1.3797426110619484,0.7737866490328531
-1.3358618124013064,0.838662139857778
-1.4067212169182521,0.8358486269819555
-1.5860343721909516,0.8016133428811659
-1.573361541477007,0.8019341177018217
-1.4581839069042266,0.8252225803360123
-0.9427111601175001,0.925154892355248
-0.9101911547619126,0.8937164958554956
-0.8152006943735256,0.9337965924459891
-0.8612931391608968,0.9593242675430855
-0.8803532541302648,0.9378744293712302
-2.6167722543771803,0.8223436581217335
-2.4486438737398095,0.8224340229745722
-2.5874295163800296,0.8478633059012886
-2.608950407327033,0.8300527192440144
-2.721885505104255,0.8054857338286189
-1.703666654993218,0.8217313411533494
-1.706691217148085,0.8232827055967709
-1.8523000792214965,0.8056318175459132
-1.8450697202808661,0.8069366696328275
-1.7600741438760235,0.8220724169311295
-1.6486401299930042,0.8093979787519555
-1.3937027997290887,0.728051064329186
-1.5294991731690146,0.7736909847765376
-1.2026656170733068,0.8246915519597408
-1.4102995018980111,0.7983374229699771
-1.15820997049218,0.8335922962736618
-0.8084205887380391,0.8131098105058279
-1.069676183121288,0.8647094452117581
-0.853645255538805,0.8148580279927029
-0.9579268677612887,0.8528317311914101
-1.1552233473036635,0.9429427717207255
-1.1465313771212036,0.9319840717540436
-1.1495798322796054,0.9127773226480118
-1.0514091400249315,0.9374034369944578
-1.1237567494362481,0.9344683045176342
-0.7863450316273176,0.9347915837391935
-0.6875447629670425,0.8894633001458444
-0.8583284372858286,0.9230701940143521
-0.8626754787588655,0.9347152517414457
-0.7891026203353739,0.9302491794967085
-2.397944653316247,0.8339327885149577
-2.341028670205684,0.8254428938879165
-2.4862749406912137,0.868453466559662
-2.4232724282720985,0.814672075561277
-2.6042630461962544,0.7924911522389695
-1.0363391633491401,0.7860441380631695
-1.1238057216024229,0.8260180733778955
-1.0343611940921387,0.8941687561273246
-1.095774954685753,0.8766782213269599
-1.0430525997187057,0.8817521756368113
-1.2291107279607725,0.8826907396617589
-1.3025943484038707,0.8632611173953062
-1.3112066036327847,0.862997146486388
-1.327193941172309,0.8756934457376108
-1.289688202930969,0.8725713578240812
-1.0076930864080602,0.9779576454816534
-1.0121184148067273,0.9675469503547269
-0.9781256106016389,0.9734140768420045
-1.035231016698963,0.9715416570480935
-1.0068226787136634,0.9744513684428493
-1.0354292907501994,0.8900515283383802
-1.0031808857385158,0.8524687913613932
-0.852079723365223,0.9155045565902379
-0.8705996654533809,0.9294263961573606
-0.9317336005176609,0.9092649099212333
-1.0707880121386215,0.7495796947808964
-1.1132566266143906,0.7543878590012354
-1.1602573283756568,0.731308079699794
-1.2022024431287166,0.7123157781935506
-1.1315530310714796,0.7501515702741357
-1.047617340249472,0.8138411960988392
-1.2719644322309231,0.7482423672043689
-0.7770638928414005,0.8817574769683071
-1.0815910139390559,0.8323419892702717
-0.9867219443647409,0.8680471684455683
-0.8490539435767066,0.9089612401391028
-0.7697853408719709,0.8342878933038042
-0.88509541016957,0.920461335783976
-0.7781466484105177,0.8327694782274243
-0.8115369206130788,0.8933785107152428
-0.938573233235169,0.8754602036039296
-0.8462727112266815,0.9059644540923583
-0.896415040632329,0.8801294756607179
-0.8987874017873058,0.8904678244712254
-0.8800823338288977,0.9014233145481145
-1.7269612737865325,0.7110528652655045
-1.6240223365613198,0.738279492365104
-1.8390864737313262,0.7122810325095461
-1.8895535915943018,0.7132242085801391
-1.7862085533059533,0.7161960348472057
-1.36853891566927,0.8668984421583351
-1.3443272762724197,0.8758841736145591
-1.52540038553783,0.8490010328969639
-1.4531366763970364,0.8659838478297521
-1.4155634036549085,0.8668010876984211
-0.7077737272758116,0.8835619063245804
-0.7225869990218904,0.888086460079896
-0.6896940824551753,0.8853695277945709
-0.6787258415649554,0.8714635284165839
-0.6872909945972494,0.8654392091761479
-1.469225959716798,0.8554900927673513
-1.424143770665087,0.8857966593679677
-1.4861285891612264,0.8491230224649868
-1.4060922279662043,0.861285785305526
-1.4424251745430265,0.8656090994053299
-1.3249480201348003,0.8001917712556739
-1.2399034742563373,0.7928464739253457
-1.6833202016336115,0.7959080099060728
-1.5261409814071727,0.7992594702188285
-1.4041460729497706,0.8154330438489419
-1.0371059172033572,0.7975730183076495
-1.0022452848683547,0.7382891206730868
-0.7960824713159461,0.8265203496397132
-1.020207679084916,0.810905796916982
-0.9427844680241677,0.8124088946402404
-0.8469485548988059,0.9433939288976971
-0.6576040182312656,0.8956434271116813
-0.8285280024319326,0.9513564224969635
-0.6633159954589373,0.9045181312524176
-0.7402508199879435,0.9379682192754812
-1.0163673518845995,0.805613870917376
-1.0816695447467857,0.7403526535985417
-1.095821939495083,0.7951562052766752
-1.1733612570970757,0.7333764171096357
-1.066764346866547,0.7899701565551493
-0.8053830519851333,0.761062067060448
-0.6751896981947536,0.80493845795986
-0.7922189108603949,0.7645133030703892
-0.7606701224552614,0.813106710283259
-0.7342839115012595,0.8086625292659444
-0.8211374019116563,0.9353958888846131
-0.6695116398807684,0.8583860530738553
-0.7997105673271904,0.9144898251620771
-0.6318077650269045,0.8526025156201302
-0.7071341977982968,0.8798457318226083
-0.8027445255317863,0.9251293210233098
-0.7324853600336888,0.9303041612307773
-0.7052943456598183,0.9071702912199532
-0.7978845427986854,0.9335496204111864
-0.7491263487892754,0.9329076182173426
-2.2444097449883835,0.9036758588162549
-2.1680312852216472,0.8981400196615621
-2.2382604045742145,0.8794670396631307
-2.110904574874652,0.8538810094500336
-2.0793439376860254,0.9022525269073067
-1.6135825510971284,0.7524687638669463
-1.4240558381082966,0.7510913874682804
-1.3289419558253295,0.6883864255994834
-1.2189520281627937,0.7434645204217769
-1.3810881516422704,0.7426906304582914
-0.83986975594068,0.95400642506683
-0.8084961692195153,0.9421932317425491
-0.8410246766592924,0.9488960563715647
-0.7792426343024764,0.9442554067496816
-0.8133785550642876,0.9469949066677052
-0.7791883251657588,0.9414521831939161
-0.6877628644890559,0.8956231790413755
-0.8167733513909202,0.906518868971618
-0.8512766470724242,0.891495473660439
-0.7663089436608276,0.9259910083123701
-1.9836975571094964,0.84847887707936
-1.584087959198286,0.8880694323731434
-1.8101667321566706,0.8529767157875234
-1.4603109963678742,0.8642428549579465
-1.6556231634243161,0.8807714610249966
-0.7558741861322082,0.9221280527317955
-0.7356273533905308,0.9295573560593168
-0.75673963567362,0.9244341694598913
-0.7499638560790597,0.9290077280949144
-0.7414160325970546,0.9263684677933608
-0.9004023782765463,0.8808852168390245
-0.6474438247684614,0.8839455848581393
-0.8544793880448247,0.8928543501761976
-0.636199604178446,0.8336099643546361
-0.7426453985560023,0.895965293160172
-1.4195753729571556,0.8488417444289291
-1.7292929466579743,0.785589848649608
-1.2216827898856362,0.862932088825739
-1.424010436599778,0.8595406815310028
-1.4065693940767365,0.856283332373718
-0.8560479149691115,0.9614274581052457
-0.8727373692680839,0.949876891258669
-0.8710128413181343,0.959576948564122
-0.836795862834067,0.9292105564182767
-0.8462720804968937,0.9502008998653158
-0.7402110604419349,0.9101926818372791
-0.6384304088118875,0.8753651301145705
-0.5704770565551937,0.8128277678603985
-0.6457315935538944,0.8798303492964625
-0.6427550806420225,0.8795435775097334
-2.283093074782019,0.82087073344042
-2.4098504364017588,0.8047890668055496
-2.123812048669249,0.7965133148208808
-2.3890328800226177,0.7515178421454806
-2.257000419792563,0.80786438507554
-1.9514640063426254,0.894079142387271
-1.888253618929363,0.8726077195942246
-2.0149327402834114,0.8623624417214585
-1.944641844935815,0.8540409600368152
-1.938852673458634,0.8846879990343017
-0.8165580959119421,0.9066353965061272
-0.7990756413529073,0.9204535563365163
-0.8599183276509367,0.8654137691538324
-0.81917242657343,0.8766854680701603
-0.8215173674146781,0.8976658498689409
-2.0032244842333595,0.822156434380799
-1.9567614998533591,0.8328108863959295
-1.9646197722775507,0.7901826779657497
-1.924918588068355,0.8104344475480427
-1.9313602237312397,0.817515492560072
-1.0315989115752522,0.9163179354794165
-1.2268780373454522,0.8649637395365063
-1.068718552748077,0.9004213033631397
-1.2633851860660823,0.8559751619021166
-1.1352564470994644,0.8910135817827863
-0.8513462170418238,0.8438530754526179
-0.8805651867856056,0.8795232810334587
-0.73813310185578,0.8927121260795443
-0.8323129683435482,0.8860506770072213
-0.8188370529589047,0.8847559345336967
-0.6231201658228884,0.8766434650112445
-0.44315384233368793,0.658574378396756
-0.6043906036972604,0.853497332040796
-0.5372978121854279,0.7885316396179918
-0.5440015496146737,0.8040263885223412
-0.9924619971505299,0.9585537154128375
-0.9855995506511507,0.9438161934993864
-1.0116702220632192,0.9395096949700684
-1.0512607836920733,0.9440150783017259
-1.0085402597171385,0.9496654389783645
-1.84141252573704,0.8354898404920965
-1.8004683783448077,0.8342888475027573
-1.8889975156086252,0.8464483247090601
-1.7867309880298397,0.7922840423976732
-1.8379609917722477,0.8603470796049769
-1.3852248518482564,0.8543932202905397
-1.1685252537235644,0.8380970373894917
-1.3685244198592492,0.8458915081266203
-1.0695437198690552,0.8730698324101868
-1.2279796795490074,0.860885469682728
-1.6423277699445347,0.872174588961776
-1.3736139679186763,0.8643199028246962
-1.9443073668782975,0.8415308480364514
-1.5320761516833346,0.8533170664822806
-1.57710164608508,0.8689088116147898
-0.9486627680362096,0.9314747209477301
-0.8692666651402196,0.9051954378133925
-0.8629210506526541,0.9013820777277819
-0.8114357961500904,0.8733782367974381
-0.852710948057288,0.8985817397579539
-1.1814412884904881,0.8735960668285636
-1.1418561205022315,0.9247015969484754
-1.2748754813046181,0.8063471743065733
-1.2845071179443366,0.8301628844683848
-1.2080841121454307,0.8713495559912956
-0.7243651091767748,0.9008872372873594
-0.5478235937210815,0.77499475970855
-0.7051886166369087,0.9028034804069512
-0.5555291357493942,0.7685860527854279
-0.6285506022565336,0.853989173592523
-2.5858734811396857,0.8839439558013193
-2.5034877205828474,0.8986001695478409
-2.4976736092591243,0.9023797607898664
-2.5061983052169667,0.8821428512861357
-2.4402047887053318,0.9015597996831292
-0.9701342365737673,0.9294882029098812
-0.7031283994827027,0.915246359567449
-0.7775547265562717,0.9328546914402199
-0.6868443652967475,0.8875807781263991
-0.7645504952680703,0.9436036442951418
-0.9586514152624773,0.9381060993637315
-0.8150266265713164,0.8685918628590185
-0.9338630215638173,0.9289079139280555
-0.8603063752048378,0.8730630642183113
-0.8919198390901216,0.909947193306946
-1.8592924057536593,0.8630720108107853
-1.8528175403387965,0.8124611650736481
-1.8275246038222333,0.8850577365360367
-1.7010894732033006,0.8280208862966465
-1.752477785427465,0.8760294697924634
-1.9240471218819846,0.7715182283995701
-1.522692171468892,0.8150435587834562
-2.0572917288601946,0.7577470562261814
-1.6218901467716342,0.8300535502854683
-1.716672805337985,0.8126996957918495
-0.6804747440541768,0.887909080657436
-0.6270215202595705,0.8370627603208886
-0.6729260836694931,0.8960607043277563
-0.5944801721498987,0.8208354448429566
-0.6290860796978579,0.8483734041008187
-2.0430567747641852,0.8038940307373079
-1.9712742873457265,0.8147427745406534
-2.0224279430697822,0.79381150037001
-1.9189797581362142,0.8078275614162761
-1.9765426107568131,0.8106106397837938
-0.7389275738611789,0.9243172636360866
-0.6779168365965743,0.8913940275824386
-0.7179612866935214,0.9135344219533797
-0.7379554793326213,0.9208789926265027
-0.7029866789475463,0.9069848858177176
-1.472247192193698,0.8575123896968444
-1.5845306256975862,0.8110418917383181
-1.4250339279917181,0.8521233971674101
-1.3765738333915076,0.8454224397941874
-1.4560555979558314,0.845139530941664
-1.2676337993045095,0.838433662016814
-1.3115074216168232,0.8936765003826471
-1.3408081443987927,0.8462700831335427
-1.5232800939555209,0.8282368245054615
-1.347991382118265,0.8588624897703222
-0.9277472470070147,0.9328324696591066
-0.7874213875525169,0.9378375650202841
-0.7859417062704318,0.9424757782058424
-0.7337972438305107,0.9028492023029447
-0.79924544905709,0.9432699927265168
-0.794742560813663,0.9473573500237336
-0.7328827892599626,0.9136122967546225
-0.707325046273923,0.9049619148731113
-0.7787209456417227,0.873263500166504
-0.7502744807904412,0.9202615693753895
-0.8114143318859579,0.9401854567384728
-0.8273313461040928,0.9399480066598267
-0.8119001277332245,0.948913848779893
-0.8556547151445425,0.9581270338901158
-0.8017988203269064,0.9363941989421305
-1.3531442916358294,0.7654577549561247
-1.215260581655251,0.7543715650355998
-1.4608364431686933,0.7532101136941438
-1.257308026984172,0.778327746881648
-1.3545053217061083,0.7583254491033811
-0.818257186393713,0.9276534140593145
-0.8994412127312307,0.914236519518789
-0.8004144535983194,0.925101436937998
-0.9287707530182052,0.9327272945399008
-0.8423699364312011,0.936414542802626
-1.2333295112837985,0.9209355526295138
-1.1938960614134109,0.9439359712697404
-1.3728221860932985,0.8149580528566195
-1.3142045269442832,0.9187181832367982
-1.269166025136882,0.907416923073794
-0.9491288729681874,0.9611148359683231
-0.9610301852448022,0.9513948484312975
-0.7331271216323644,0.9257098366444527
-0.7646758366888945,0.9347499424365672
-0.8439495161643669,0.9520154933060386
-1.0628577276192916,0.9445349714556894
-1.0484374115289734,0.9428572210025178
-1.2915709538301552,0.8852684918594587
-1.1258173248640162,0.9167274063278538
-1.1214237047978723,0.9297230799417286
-0.7546427521851353,0.9177465265338335
-0.7878623358533311,0.9347349595493283
-0.816981078627022,0.9380137174852057
-0.841559256264724,0.9451444384007819
-0.7809471036556921,0.936534835281797
-0.788456149200851,0.9528541782327637
-0.7209830449631264,0.9149275978973037
-0.6778831110362591,0.9082266984186191
-0.7208468079159165,0.9209137114033549
-0.7217677981120207,0.9259140220010122
-1.4288708909248886,0.8590191311691804
-1.5323536540789366,0.8706877126943932
-1.7391695574196488,0.8342241337636653
-1.5896591896227479,0.8441982171788669
-1.5550411277388787,0.8575148081857469
-0.9947303086942461,0.9306352914985953
-0.945521070542187,0.9243727185346567
-1.016153098125581,0.8689523157649481
-1.1419319321897652,0.8715596529032033
-1.0186195194239531,0.9062440480481859
-0.8015302213424458,0.9417974524618259
-0.8187497744592539,0.9457885003623961
-0.8222085295956708,0.9506912282049603
-0.8056572307232555,0.9541279153256156
-0.8040047242156888,0.9504401877867651
-1.189731296656413,0.7699290144767872
-1.146324466466764,0.7674563438625018
-1.0537578948889736,0.8234330934723192
-1.1062906529780125,0.8264086196838635
-1.0978358886698256,0.8242761926831763
-0.9541527220469679,0.8866851053300419
-0.669028707118117,0.8979223106810592
-0.7037230258033114,0.8811982516854944
-0.6253202150554673,0.8782357381505591
-0.7191346134384046,0.9269895239759015
-0.9368902196889033,0.9183013633246455
-1.0243438528533153,0.8754784962755608
-0.8872869959735855,0.9432573967408999
-0.9045846310889633,0.9518621844098012
-0.9328219421805002,0.9300302460396771
-1.1894446533141794,0.9349575187635176
-1.1702876828810362,0.8878020933076206
-1.0739077732678934,0.9634170324396804
-1.0525843220406501,0.9325340273186908
-1.1147118525915956,0.9368904485043785
-1.2607073895412793,0.7898113648564828
-1.1948703790231743,0.7489615689834183
-1.4105694616227458,0.7867464773484335
-1.3349231632256722,0.764792993685507
-1.2886308637699124,0.7793847261770261
-0.8689617537378123,0.8271632151059316
-0.7912137969001476,0.8489296873308799
-0.7848958557127387,0.8753677864706443
-0.7173168210300722,0.8746042944472375
-0.7751985024379114,0.8709021110525744
-0.7698642900241042,0.9322950912613182
-0.7446128046379168,0.9084118586218066
-0.7873475687438928,0.9327581264579864
-0.7148225354755924,0.9090415312002433
-0.7404917253833619,0.9165756998276318
-1.3736994998746441,0.8150315265510926
-1.3670363669964916,0.8483920918693691
-1.3194393227488566,0.8280573056811197
-1.3520845528997891,0.7976028053371216
-1.3622679072211754,0.8411748101859845
-1.5119085256638596,0.7332875009092588
-1.398435262150308,0.7246003209579097
-1.3611964125711555,0.6770948301712388
-1.3482999940286176,0.7593886137520748
-1.5703845924043234,0.6864729794980945
-1.1889406030495524,0.8176705496759582
-1.0692665561031531,0.7285207574548024
-0.9706836068879185,0.7957532699340706
-1.2668180342428383,0.7609730414911025
-1.1031045699592006,0.7901933674742702
-1.3924458951506342,0.7081225140448805
-1.2403864612606266,0.7140940736730265
-1.4750411883868237,0.7242102787194235
-1.4227560302378581,0.6997886954627018
-1.4000005059213705,0.725790740451746
-1.3028076916291433,0.6678031470148559
-1.1913238112484439,0.6869336577234969
-1.3748937113446376,0.6891994876856674
-1.2934810569807285,0.736218386919536
-1.361768605474878,0.6813985433917393
-0.7819396119645444,0.9418119440717584
-0.9084867210425849,0.9635584699899582
-0.947538121647262,0.9537053003860694
-0.8170290879530321,0.9470189480420699
-0.8379111670096505,0.9532907672512836
-0.7003565648696296,0.8919297675408022
-0.7800387081613461,0.9219181360381117
-0.9255641880054872,0.9278360799475525
-0.8558093197986127,0.9329251824144124
-0.7863872318031352,0.9308642859958456
-0.9308488419259326,0.9026985330589807
-0.7727577846912496,0.8641383937245543
-0.7681984311788382,0.870757232126387
-0.7830542792617384,0.7990887984723417
-0.7975549324417094,0.8914167811242034
-1.0115956508295334,0.8059438480476281
-0.6941887521182618,0.8658811529542915
-1.1273096591736702,0.8317557136308926
-0.8751498571791896,0.8130421923066096
-0.8985812322039793,0.8578837362892033
-0.897966967780692,0.8845790025530134
-0.8631220324583916,0.8950517898153351
-0.850466702867755,0.907728726976648
-0.8190681783320973,0.9213598427433256
-0.8400493744634937,0.9153347993424455
-0.8667491759073862,0.927696325449312
-0.9167015625981817,0.9332584901545791
-0.8109339794847774,0.9258311624906596
-1.024941986596742,0.8748660798806199
-0.8826691417197587,0.9352217853441328
-2.1409133266500127,0.783748681423644
-1.9740848952008634,0.8080631212136129
-2.141612346780876,0.7931527423482685
-2.0280425777269393,0.8047356636283931
-2.203941893903896,0.7696700126779628
-1.4038032338989037,0.7135844045555247
-1.4411213941804082,0.7344400655852324
-1.533158879732325,0.7172221220591773
-1.181372039043922,0.722433307092375
-1.3982157298087368,0.7330180742130343
-1.3314227326013441,0.86251548345793
-1.1951020992432315,0.8136373826852963
-1.3512253694801044,0.8562679819190188
-1.3049501681431879,0.815283127284502
-1.2884601649533036,0.8423554102631498
-0.7563387141311388,0.9375283688276166
-0.7629124597294418,0.9193109115545377
-0.8368667003777934,0.946068664433445
-0.6519606698460481,0.882520788577966
-0.7307778982178293,0.9162270176422751
-0.7991023965946948,0.9203402541149621
-0.6048264605982926,0.8320049646917922
-0.7845486628915684,0.9187677955618173
-0.5827132477689453,0.8130650675471827
-0.6779752956588713,0.8688238951043609
-1.5734653297490218,0.7574533842162028
-1.5288658626973992,0.7621485962529142
-1.4736945319893622,0.6927544159814583
-1.49745771837593,0.7133329592714541
-1.7981809190697484,0.6944418733416133
-0.8635911141675521,0.9613099125160294
-0.8550222227128312,0.9565409751282479
-0.838510728424506,0.9588817864199781
-0.865355373764753,0.9622448939274791
-0.8552469270671366,0.9618674046120764
-0.9851465151728466,0.8384011697300819
-0.9688541512436831,0.8605956501814255
-0.9122492693416192,0.8234233808896432
-1.0504313213338836,0.7736272837241029
-0.9603304441336966,0.8489012496611879
-0.8893103677927621,0.9087812042510328
-0.8512634052377983,0.8941609656511293
-0.9211553224380186,0.8429231656744857
-0.927129369785432,0.8383631165804496
-0.8851176595729019,0.8883426378892083
-0.7608930156709744,0.9254480059915673
-0.7119343292568625,0.8976825495874551
-0.7224329186492086,0.9076933008123838
-0.8178871491811003,0.9424877564897295
-0.7334524795995686,0.9082453273217327
-1.2741475213588194,0.7642797979029086
-1.2812139204134403,0.7454008965864026
-1.2011268048765338,0.7712126384224061
-1.3150191216812899,0.7431038175450128
-1.3476673435077688,0.7324211808885339
-1.3644026470587975,0.871219949604433
-1.2856884536691096,0.8751391136247316
-1.2201293388270422,0.8983219467126943
-1.2627808885194707,0.91573859540849
-1.3669542383152344,0.8297218637783718
-1.4996989197846464,0.7635164205451286
-1.4756397746374772,0.7515670127775577
-1.5152209443458617,0.7446462240046647
-1.4142622151488315,0.725943000511081
-1.6813057628522743,0.7036533043636494
-0.7812571991842372,0.9268118012550667
-0.7107710895302198,0.9098405838482355
-0.7321635316856275,0.921623233958656
-0.7804991155872923,0.9232982666556456
-0.7349810227632996,0.9255064527320128
-0.8851672710285466,0.9318181051634952
-0.8773387277248884,0.9017089080678907
-0.7394057788497356,0.9232335054007109
-0.7510807779589609,0.9395787322639012
-0.795809671996361,0.9441662913389958
-0.8894498639063376,0.9398339853333956
-0.8216519480880254,0.9286579952649813
-0.932751315501948,0.8612571582814039
-0.9742790683552427,0.8999033230014136
-0.8844102800803587,0.930898911740953
-0.8990499662224039,0.8514863148957152
-0.7793772552377777,0.7639289909865489
-0.8163640659661127,0.8749705565141223
-0.6760370061269427,0.7734199995639085
-0.789305129228226,0.8535694295856303
-1.0020198859969824,0.8729573165899626
-0.8132202027950847,0.8239794119128054
-0.6443925286958524,0.886491185884782
-0.8237579724194075,0.9007859289351359
-0.8010303411562222,0.9016233489904125
-1.5405305419005408,0.8622589008451301
-1.5182755567880493,0.8857848336396807
-1.4061630619309091,0.8165172759591875
-1.4229919346762712,0.8582109064986521
-1.6015179019360322,0.8264359277049332
-0.7496759808010554,0.9255989449692039
-0.7950592799971801,0.8803145706644593
-0.7930211617005032,0.9029083764006686
-0.9035864050666413,0.890965077685198
-0.8053581579273213,0.9089146242633495
-1.0076324418785019,0.7847818406171573
-0.8802152028525514,0.7510474821608377
-1.0273886424664207,0.7925941687784982
-1.012815142230071,0.8376407051785312
-0.9558401658598416,0.8308766160387261
-0.7678586610369292,0.9318166838247219
-0.7583212868088016,0.9042183385098588
-0.7183615800451543,0.9209490086526617
-0.8500735017150753,0.9241474259378206
-0.7479936428441676,0.9276929457665297
-1.1988222165828442,0.7640394586349954
-1.3067454781428613,0.778480251498829
-1.1968555105203358,0.7374957466640765
-1.1892253167903157,0.7304333337144177
-1.2001533656733812,0.7759948959552978
-0.7930110555013149,0.8796387014255617
-0.8591917347050722,0.888613558166091
-0.8179349139526361,0.8831565916368863
-0.7759856071891388,0.8583432898154787
-0.8062528643095784,0.883262237650376
-0.9137903726188628,0.9115444602825066
-0.7023483723422873,0.8444144007479842
-0.8742190254376188,0.9236413207381398
-0.7246162629242942,0.8084755058334961
-0.7921583730943812,0.900653582175677
-1.6691658076505391,0.7358677008836867
-1.4462832386616855,0.6896476908920731
-1.4012889182222033,0.7432910047485143
-1.323420199284239,0.7490609492567614
-1.4551775933961686,0.7425700415944444
-0.7663263264782388,0.9274427548217653
-0.6460163556363524,0.8565060749837053
-0.7817897296649708,0.926354924085059
-0.6471482590967134,0.8548279073225814
-0.6970801241356829,0.8933176170269682
-0.8227266354562809,0.9388508252263004
-0.7766356236568596,0.9302298296483292
-0.7949296049138102,0.93028829164947
-0.7347912599792816,0.9182412385995842
-0.76370680633485,0.9197342573180468
-1.3744473177919634,0.7418096063302356
-1.5476433710647386,0.6680946899071932
-1.3026040311320985,0.6965233712770209
-1.3769059646334039,0.6664389585833603
-1.6854463553916093,0.6301635175812189
-0.783600073157777,0.9165015983479409
-0.7932220865643016,0.9057215850131861
-0.7926168395422533,0.935124860341158
-0.8111179980486752,0.9280731218244236
-0.7716882718433219,0.9291242107063267
-0.7537459793630187,0.9246226513343634
-0.7460185549384898,0.9259448294913539
-0.8204598355662599,0.9408337480395591
-0.7651783000600448,0.9347345726563648
-0.7436638129701383,0.9195571678796327
-1.3580608177720712,0.7926431885708795
-1.452130289512686,0.7550787049689468
-1.3051975546482453,0.7173523100229011
-1.4362099221232294,0.7719866973897679
-1.563028312679728,0.7105152128693293
-1.4562817824823149,0.7556267272127097
-1.369858740392835,0.7237271632456895
-1.4000525680640536,0.7469749829445601
-1.3676522062314822,0.6925209196402803
-1.6872249578726581,0.6779725383166165
-1.2925133359892222,0.7736110271259191
-1.2357611334297236,0.817004830349398
-1.413902742364854,0.837537293507675
-1.4458331532409183,0.864897061509006
-1.38987232961037,0.7985969365961494
-0.9145818969109951,0.8567460198775482
-1.0035718221391259,0.7741550549796103
-0.9065407405382974,0.8534449522747206
-0.9225990170320244,0.9040006859496988
-0.9102473274012064,0.8710466376816219
-0.7581956341641052,0.9216265508821606
-0.6213557911641922,0.8565348250039672
-0.5966055160791897,0.8201313246054645
-0.765510777937581,0.9291246431042295
-0.6693220023861678,0.8830892042517262
-0.8542658599565066,0.9379852146403762
-0.8465863151051618,0.9171289842629883
-0.8618193814384879,0.9116432895442941
-0.9135263708675952,0.8679666608306823
-0.8677176510775098,0.9167237217318445
-0.7985842132532894,0.9154820004845975
-0.592916608565914,0.8279721395959919
-0.6367207293802564,0.8725742271175115
-0.7779223403676505,0.9349371111946032
-0.680498019159827,0.8836117513752201
-0.8031849840759119,0.8855297941521478
-0.8001309861114709,0.9057622454086536
-0.7867875428512519,0.9197291872059435
-0.8566193677438381,0.9186676398434332
-0.7801391823497108,0.905095811822129
-0.7638053180940028,0.9069160064688456
-0.6848506961973885,0.8784517044663137
-0.7704984183813172,0.849914351702355
-0.9809239145179081,0.8280926444230764
-0.7779930119927247,0.8943507421792788
-0.8457233491942866,0.948567277429825
-0.8403640584306097,0.9471848815650129
-0.8121536405415886,0.9357646835395383
-0.8142198874666363,0.9345540798414903
-0.802719515222426,0.9358999982358023
-1.0248309567642913,0.747489564456276
-1.31604851569721,0.8372177921523466
-0.8868407090962002,0.846104840811806
-1.0890948736684771,0.7978111072228451
-1.0440954441952592,0.838651803715956
-0.9193726403058535,0.9595438555771576
-0.8751745785152094,0.938931173598377
-0.8010198047250678,0.9345177192902168
-0.8820368727989149,0.9394099393396417
-0.8440727247063533,0.9335159358655597
-0.9597005370257734,0.8300859342732122
-1.1557673353271392,0.8226051007864623
-0.9082837496974038,0.9054211240242989
-0.9604647297107194,0.8207618967931951
-0.9711099030679232,0.868428177059009
-0.8554888642858323,0.916931029029901
-0.7233602918942368,0.9231067692929148
-0.7342099662577686,0.9179876964884109
-0.7448384955127003,0.9321484379978507
-0.7593780343294307,0.9335944343924543
-0.8288893491586659,0.9239318794273733
-0.857667033398485,0.8985154281059883
-0.847341669653312,0.9345461214595553
-0.9218536872553925,0.8857388332152046
-0.8508895954170249,0.9242712978395695
-0.8869499975962271,0.9752267625915805
-0.8305917196794825,0.9618528965117131
-0.8047407300134277,0.957932690509675
-0.8003736987267255,0.9575849356114428
-0.8303551906503395,0.9658032571315989
-0.86623271321775,0.9607608487960435
-0.7506547935312363,0.9314088652465798
-0.8812906797788544,0.9492094669575911
-0.7107531456027596,0.9116934879995919
-0.79048834234508,0.9447842413032571
-1.649635747233312,0.8731729067287942
-1.5374662444000615,0.8722987368753997
-1.7416601920666954,0.8676384098781724
-1.4839226930451193,0.8647891676504355
-1.5904739728784505,0.8734275941439493
-1.062392262067635,0.9373955625414353
-0.8769846646600932,0.9510164535707182
-0.8707695776629424,0.8978579225630965
-0.9948094196126339,0.9541143629534151
-0.9278661267903322,0.9522098295666722
-0.8214499196104014,0.7508316442065855
-0.6900621428396493,0.8589247371270392
-0.9056395764145534,0.7575212224707953
-0.8435061217954027,0.8089282692416481
-0.794315140495304,0.8123840654648953
-0.8760792516753264,0.9502998384516487
-0.856174648291375,0.9529938143884797
-0.8147498898758749,0.9498535441899634
-0.8597246391153915,0.9597600920933816
-0.8492881340684396,0.9572562654761497
-0.7810700924012665,0.9112625470453629
-0.7032675753043965,0.9060345415908103
-0.81229411713552,0.9307495168307789
-0.6678977497178166,0.8967386293658401
-0.7207441924947187,0.9030120119206807
-1.2133992889031715,0.9025023300517104
-1.3984729479941682,0.856272308280182
-1.0634033283427333,0.920770285133969
-0.9916531666832936,0.9062107709420868
-1.1034550463186767,0.9439834731713563
-1.1584620933891245,0.9256410875816853
-1.1761889299383232,0.9165751601942566
-1.0937278945824496,0.9204163417482992
-1.245565277054986,0.9069603931866818
-1.1649724122581246,0.9188514758885769
-0.8222610253408894,0.9612831341267888
-0.8315210401261305,0.9489822773531004
-0.8514156039938675,0.9476718753481171
-0.8890123263895136,0.9179638009469129
-0.8314594376986573,0.9575691147998424
-1.4543021762286614,0.8083120889982772
-1.3975040405255272,0.7742789818841069
-1.5455744824226234,0.8052931635754158
-1.3318587332098193,0.7520920138266525
-1.6380678412668048,0.7529071126348269
-0.8256306868744173,0.8435740148560953
-0.7704905248545717,0.8561486082127772
-0.7651318045473796,0.8911299882764887
-0.7777742786930214,0.8743224028243978
-0.7724245975818991,0.8759763804555062
-0.7052640484139137,0.9162743963969413
-0.7684540643090173,0.8745499649625327
-0.6273432577377838,0.8697115307015432
-0.7282770271316564,0.8188737261377382
-0.6905346965361936,0.8961633121659639
-0.788690334528561,0.9452116551537949
-0.6898343193882366,0.891070313565289
-0.6869025446898039,0.910142720771165
-0.6770682801565491,0.903063194916102
-0.6917167373311535,0.9166522840459732
-0.9215129766540999,0.9067787221056994
-0.8636867435240225,0.8796476107218737
-0.8632628641344939,0.8072118936682179
-0.9095029763103629,0.8512668226186495
-0.8781531584286261,0.8754274489199748
-1.3527787970239336,0.8058453570894278
-1.350718494379417,0.8108898706185496
-1.2401594270355567,0.7592238233137063
-1.0459174493893866,0.7861757602582545
-1.2169541965304917,0.812245590544105
-1.0377259765004923,0.9214147822327308
-1.0249791100739822,0.8720337003489002
-1.055619753284741,0.9467370585768422
-0.9812880530249793,0.8793876149362327
-1.009029778677649,0.9256309707843045
-0.8905586021095401,0.798649770774664
-1.1162223854885747,0.8101350097684706
-0.9792178532165176,0.8628347868165523
-0.805348472483764,0.8884490368365987
-0.9141509295560878,0.876075028646053
-0.9216977718083629,0.8929365848929637
-1.043142308080661,0.8018430543887813
-1.1970435128016752,0.7734296097503697
-1.3228427166682042,0.7558153826223786
-1.0729894709953856,0.8429190539178445
-0.7625805262176256,0.9119321254705254
-0.738437176296645,0.9076106282899049
-0.8718689821498448,0.9395384235206468
-0.762509515260464,0.9153145110146038
-0.7672283113332097,0.9238147684960805
-1.1220858606419823,0.6586430505059563
-1.2876943044194684,0.7633657362520678
-1.001828358910472,0.7281240494898921
-1.135758217116446,0.7208094421864253
-1.160524271534982,0.7109010872571015
-0.9687432609767084,0.9641243508068351
-0.7679295854882917,0.888483807772038
-0.8335239945554369,0.9281073271420073
-0.8040123350897209,0.9318936057438035
-0.8001623359624518,0.9067108353130251
-1.2034822138726784,0.6878982067281889
-0.9868941877401762,0.7071635258036303
-1.3033993965897834,0.7036008946985917
-1.0145895546474797,0.678882383927799
-1.1295532290074155,0.7073876970345764
-0.6265787148633329,0.8461161814770889
-0.6300247092791205,0.8398166101455506
-0.6423069047351901,0.8188145374077893
-0.6211810044313623,0.8455114656403345
-0.6021651194162555,0.8144838337459259
-1.5631227964757621,0.7591881928841743
-1.2709867457071566,0.7219777432680977
-1.3616885253159874,0.6561208061062289
-1.2186316618862258,0.7592643189857644
-1.4287698543206278,0.7333513268030737
-0.6974714442824975,0.8950810892798767
-0.7010525955390838,0.8960506582832833
-0.7100872595282888,0.898330834931292
-0.684570133847476,0.899098081753338
-0.680795552206675,0.8816999603742711
-0.9677645135561426,0.974116256173958
-0.9174482538275395,0.9558846899131607
-0.8262771209737672,0.9422794839902614
-0.7533329139589744,0.906395009058053
-0.8364648273779838,0.9437352855390678
-0.9319286764231807,0.8621491289470908
-0.8740198842026015,0.8233526219071071
-1.2796508908935167,0.7984275688481177
-1.0340101437688856,0.7480826882323558
-1.0025544307725833,0.836513839417298
-1.5754141160942596,0.7436758239619875
-1.5511786742535363,0.758196801383034
-1.667118059413045,0.7203223033711605
-1.3673893160554451,0.7217996453233203
-1.6162714554681783,0.7111370281681492
-0.913949814253179,0.8251147680366318
-0.8092714553754511,0.8932409871890499
-0.9620263949906815,0.9062960707970914
-0.8251679596036977,0.9118431319514884
-0.8516370597856756,0.9067256257856617
-0.874334029793017,0.8970009473995055
-0.9036321621105688,0.8992157406750251
-0.979394955547055,0.8990725059738001
-0.9875164748819841,0.8987066752685532
-0.9193758876424889,0.9109437842357015
-1.0404744634291123,0.8452016134126076
-0.6821238266101598,0.9038387342859078
-0.7969176832942574,0.9216920316192624
-0.6712799069816692,0.8961782618160202
-0.7744429020579898,0.9339008148551494
-0.7777144002044535,0.9354774166668437
-0.7252005083003772,0.9115266518760967
-0.7586532233119446,0.9270750695783166
-0.7953503181152692,0.93932805903892
-0.7369828445832346,0.9065783177956933
-0.7383546777137955,0.8979755771211028
-0.8804669495275744,0.8789921845051113
-0.6963791214779473,0.8922509024690166
-0.8184233622152769,0.9158770655484307
-0.759862290433346,0.9112757469884218
-0.9917323673185967,0.9152893536589783
-0.9089333994492595,0.8854856691952505
-0.7632739583909629,0.9023306115550962
-0.901844323062911,0.8662217356323707
-0.8790687750393412,0.9077064223808234
-0.8333095120503478,0.8881010023189797
-0.7249987819236552,0.9142223004026853
-0.9120697022686776,0.9149777515239192
-0.9144340038568226,0.9065101063233643
-0.8201510437397275,0.9237373841158778
-1.090763460143228,0.849814282885432
-0.9871774044125365,0.8474825563173305
-1.3398580730404395,0.8288861608844189
-1.2069916531425184,0.8102236265735461
-1.128177910861108,0.8503766819729195
-0.7576141152622526,0.937446564971153
-0.7106475465733815,0.9192411671809269
-0.713500825044457,0.918287890967157
-0.7077687424511069,0.9116814065180109
-0.7135531353124913,0.9181751116179568
-0.8629861437861976,0.8687958860387431
-0.8915913257270243,0.7171740703862528
-1.0501949784813451,0.8249650543053723
-0.8865631663697573,0.6473614248866337
-0.902231095181114,0.7938189665024585
-1.5536372619286194,0.8021762730195625
-1.3645621726798869,0.7274782239736134
-1.371830971025103,0.7069195630548997
-1.1498187668570126,0.792882806065469
-1.363217381357758,0.768616580842915
-0.7827504112158511,0.8961185715971568
-0.7592299860648266,0.9055232627007528
-0.63347676829331,0.8210529108159337
-0.6201395843329119,0.8479945968003627
-0.6671184534602463,0.845680503478875
-0.6450957880146837,0.8635542453604999
-0.6102648448088657,0.8405253275994577
-0.6879673734486315,0.8864439507043941
-0.6079842259122672,0.8565772055234596
-0.631204650959471,0.8529609082795342
-0.8579331224118832,0.8564501571087912
-0.9528355493967487,0.8335728841023066
-0.8583565282789044,0.875178033460585
-1.0775411396378611,0.8347038618693456
-0.9092700259405198,0.8777287499840812
-0.7578344913184731,0.9185393304104141
-0.7810070255335733,0.9311567655861936
-0.6913641101653604,0.8909617732183798
-0.7709106005122603,0.9235075574018863
-0.716383728683612,0.9021897186214796
-1.1894760407829321,0.7295356586405074
-1.1319248656452587,0.7584911821237856
-1.3186004731277394,0.7191499719340989
-1.1531821195440708,0.7578771173969545
-1.1762688141130508,0.7563954422448099
-0.7686092685335534,0.9386096636807323
-0.8625713401592972,0.9377597223938895
-0.9314756946758658,0.9051119754695499
-0.8549956436353815,0.8913464036811672
-0.8389096131258938,0.9359231385010359
-0.8734980832048623,0.8137788224168957
-0.7502672515045402,0.7069995037508746
-0.8893332766968393,0.8034032637308228
-0.8135400387815223,0.7756608343717748
-0.8229449589434629,0.8017705799559913
-0.7067418579158691,0.9054519449928612
-0.7780979542042937,0.9157375601962906
-0.7045817786467721,0.9026786446715086
-0.8452040827648347,0.9306178964401497
-0.7365008865713755,0.904089619274364
-0.8736244225084607,0.9229669202170799
-0.8691222249676848,0.9086240445160569
-1.0252743265272537,0.7869283345029601
-1.1442016694029176,0.8090502440875524
-0.9487937672011042,0.8909283260502424
-0.8773008516054281,0.8351241723880826
-0.934302798080635,0.8058878363748082
-0.9569769622420137,0.8558492341063554
-1.0810631279534022,0.7354253361684199
-0.9383983749325823,0.827926846774439
-1.6803925923878424,0.8743809761588439
-1.5418155305411907,0.8760270276576755
-1.6689906276475812,0.8384967088342757
-1.6214657919165623,0.8156099777624859
-1.6210424019564635,0.8543151722111774
-1.0950589980751575,0.7967015538629667
-0.98758842816023,0.7757647234434285
-0.9320207346044678,0.8046219072803906
-0.9392873015137595,0.8409526969749953
-0.9728451724309153,0.815850800957557
-0.8539857069990725,0.9452219145924218
-0.884889302352074,0.9451069647758747
-0.907533258579993,0.9564370948800424
-0.8936781704943805,0.9504341058501792
-0.8701320264920246,0.9431352540352319
-0.7481321733025187,0.8841003068621065
-0.8894481520865538,0.8677862699289597
-0.8380350851313859,0.8939034491461674
-0.9291159814528999,0.8835318000614131
-0.8457861808221518,0.8905032355755167
-1.5054834672724218,0.8640073776589619
-1.6933813544004586,0.8634473763862215
-1.6083784938661245,0.8748691575848208
-1.720905959681837,0.843979000180235
-1.6126353029452363,0.8736414247503811
-1.6553577296064357,0.8739406900097308
-1.5911361597757094,0.8590459173284526
-1.7508371955260316,0.8686579709957643
-1.6428904490661793,0.8589280289463893
-1.6536104621945535,0.8685574624963371
-1.3330184141552337,0.9108208485753004
-1.2991248597857559,0.9087482043806483
-1.324009933302021,0.8657056196535526
-1.2794939097813622,0.8601085740765879
-1.3077935840221575,0.8886766957976497
-1.4456263107843783,0.876492524632272
-1.4641076101207737,0.8748600815878214
-1.4245769268222985,0.8749204837251301
-1.4078700865809792,0.8769925166763198
-1.4264585556104388,0.881544880988976
-0.7429810175434814,0.849008685944458
-0.6413148527650376,0.8661465974453468
-0.7302000688838635,0.8775066309645212
-0.6840741226780459,0.8528688062274965
-0.6890843804641588,0.8726393822898245
-0.9331956653491869,0.9228696773916484
-0.8141307571569376,0.8887527108805644
-0.791356970398743,0.848446047234094
-0.9595679919949729,0.8659122316493091
-0.8689544189377906,0.8955523205460926
-0.7706656551532038,0.9135317159922253
-0.6846553250822324,0.8973004111066604
-0.7123027534834151,0.9024735603370255
-0.6754099912500651,0.8972715325554297
-0.6976299005380625,0.9080766076125218
-0.949930504863245,0.8430676174279849
-1.071333438186954,0.813747215470309
-0.9510020304339976,0.8162214554501221
-1.0987040879308783,0.7932625439925906
-0.9961599874686199,0.8290294488043233
-0.9729516726221783,0.831394463803038
-1.0456230570388865,0.8017266260637012
-0.9659139455381371,0.8357869094751438
-0.924554700041688,0.8405587703251007
-0.9740044731953826,0.8302807466301924
-0.7422156054660481,0.9317342197959653
-0.6730707417001518,0.9014168937088831
-0.7039598273942731,0.9089925886902716
-0.6782687411968116,0.9095504449635571
-0.6939086756933314,0.9146448545718302
-0.8367053774285719,0.9231449556211229
-0.8145661843816782,0.8711658997261551
-0.8483022913754253,0.9456010620812557
-0.8270574317800632,0.9223182451677425
-0.8282761733476396,0.9226959465481868
-0.7552274828870524,0.9306119222940631
-0.8207355302007688,0.9501464365939284
-0.7573458788408428,0.9199010756814288
-0.7587093512388331,0.9227602634917761
-0.7498976082740781,0.93383211793502
-0.777088900909354,0.9191764043213516
-0.8453933650431952,0.9137341704777515
-0.6874620859091164,0.8810575837916406
-0.7470692552786132,0.8950081792000564
-0.7310717471314733,0.9099093813264377
-0.9535080165625217,0.7908739538774051
-0.7849652016790762,0.776828266192606
-0.777268584914647,0.8010823342117704
-0.6842413064581202,0.783496436556172
-0.7888159357298512,0.8007495527781533
-0.920128884454418,0.9167183438335841
-0.8413407589341132,0.8790688114852515
-0.8740255797172122,0.8898299474465913
-0.9221656005319792,0.8449713162540808
-0.8820513056200019,0.8903629792384575
-2.116881522290623,0.8275061314871249
-2.2504434881879702,0.8560965478166157
-2.16464634018088,0.8054738468178569
-2.011279608131228,0.8734384306972498
-2.106453259139082,0.8535531703376871
-0.8712557915689111,0.9047115213559104
-0.8418387046164667,0.9436908816653005
-0.7825675130213009,0.9225405951080935
-0.8208575455569879,0.935718373501881
-0.8128701855787679,0.9385896247992127
-1.1486494038356012,0.8281860313310273
-1.362729465254063,0.8184992949071158
-1.2902414529190065,0.7911474290505268
-1.4123941576651005,0.7844192191929092
-1.288286130356601,0.8120085370034404
-0.6586442299484222,0.8602590567606369
-0.5961081146874183,0.8429833419374085
-0.7618623229945927,0.8656249388325681
-0.6739451405856057,0.8967750395058356
-0.6577638007386943,0.87724786676175
-0.6587792446069756,0.8750804539841488
-0.739270195836735,0.937028693053944
-0.5805383483821742,0.8116833832990646
-0.741658045095928,0.9274301935194759
-0.6801530203992817,0.9049509602292244
-0.7513596531750333,0.8608473467389711
-0.6083487930900766,0.8517846940371168
-0.5275674975895805,0.7667420975851204
-0.6395507720895993,0.8686942322877722
-0.6260965985557068,0.8615151304314868
-0.9433451021630294,0.8017075653514619
-1.0605229627624408,0.7492878328143375
-1.0971647827502866,0.8003737627862
-1.1002843991777431,0.7738278924845781
-1.0408999702133102,0.7864257231287913
-1.0852154051795633,0.7930687389318385
-0.9568809462217782,0.7788894353580714
-1.2070764079704195,0.7708000799755396
-1.2287943743248397,0.6807179347790381
-1.093186295973805,0.7726709554012963
-1.129145467985248,0.7731342426659918
-1.1171257725748027,0.7802054185182521
-1.0559957351863463,0.8146111498419408
-1.1904913150130103,0.8001283265314668
-1.0964933274993658,0.8214688369794596
-0.6924270345263505,0.912650959466054
-0.751272332717073,0.9082969086322973
-0.703157013599113,0.9104259055433064
-0.7510526411817597,0.9061951960254782
-0.7174962592041307,0.9194075257752103
-2.2189349739983517,0.883811276195626
-2.248190314574464,0.8756967500774865
-2.2954206655153806,0.838534481065558
-2.2530660046805453,0.826173688399914
-2.2026590341114045,0.8701634325812408
-0.8128849673709687,0.8876718533552439
-0.8983172820898983,0.8462181956491153
-0.9643543366240012,0.8947756101392411
-0.9621993290432932,0.8411403676070598
-0.8984503195278641,0.8802717820386702
-0.9184116693506522,0.848396391291704
-0.6772629963199249,0.9130744960530754
-0.7939811126430044,0.9373572336308077
-0.6964008499799772,0.9136645254660929
-0.7557205907547933,0.9371009290657902
-0.9245927969146447,0.8642326920048665
-1.0061911674352337,0.8379557840695131
-0.9719547951061712,0.8570276618113346
-0.9705126627623981,0.8151371331589137
-0.9648207624971423,0.8469156299733225
-1.357166304158995,0.904761540808699
-1.4586185240328529,0.8731481824139271
-1.424596381176493,0.8959856717929147
-1.3904961810967682,0.9035553017146728
-1.3980651773128963,0.9030198259023039
-0.7025725545272872,0.7905068324927156
-0.7035146013150146,0.8305794715035371
-0.6504035387921623,0.8452609886938703
-0.6823479189630615,0.8776738782304502
-0.6761360346455106,0.8456052854985147
-0.7345943598879616,0.9231384393525486
-0.7583670589986741,0.8659881270347004
-0.8249212732470492,0.8224999831894036
-1.0539327824838742,0.7795449606460535
-0.8150732263249215,0.8848370341497834
-2.126543215470795,0.8267744030757578
-2.0911291746413823,0.8261272797795403
-1.9598474675241213,0.8405882597848149
-2.064950681174982,0.8331435546018686
-2.0468983546796142,0.8380394553979282
-0.9810641979247668,0.9192755412712483
-0.7740810964495217,0.895467136079586
-0.8598808064100519,0.8851664823669895
-0.8407957066254945,0.9092585196298911
-0.8404243719880536,0.926399758301457
-0.8451942815032223,0.9068552145099296
-0.6675442282913243,0.8928948359982034
-0.78775407723757,0.9493861958193142
-0.6558360321078637,0.8797922960276757
-0.7330457303581043,0.9332911278060523
-1.0547561774183245,0.8293399745182597
-0.9765714622359005,0.8554302909198792
-0.8759557870160014,0.8771615807941427
-0.7929158177976184,0.90822694801531
-0.9118965965002952,0.8829738730051754
-0.9991375590808276,0.9333739341076103
-1.025028275002861,0.9369109295801793
-1.0035463375313072,0.9087037211554894
-0.9857108525412216,0.9324075227121114
-1.002459787297526,0.9300318531148609
-1.0575312706553726,0.7978053470357116
-0.8849889531019873,0.815305977348119
-1.0040155343016666,0.8140858525481225
-0.9492261380685107,0.8239930912026325
-0.943781193931048,0.8434426609764774
-1.289569046675597,0.730594669640399
-1.1912667858127712,0.6909628035144849
-1.1354988030791,0.7664095769694177
-1.2353105248693088,0.7005400635155935
-1.2334749189456922,0.7201187729808671
-1.188365376479299,0.6773317184307536
-1.036639743976012,0.6938381554084784
-1.1626571743735834,0.7595608183184763
-1.262711706154488,0.7457423446552326
-1.1862439572504442,0.7079144148851049
-0.8810730728440226,0.958398062339338
-0.7181653030340504,0.9084004380714477
-0.7646457260787265,0.927280107917333
-0.7352135967307485,0.9111214941994102
-0.7628020991867677,0.9246366054655486
-1.4415723825331668,0.7580039877535022
-1.4891049770092757,0.7186018712499561
-1.689848549691134,0.7913534179851018
-1.3898136469980766,0.764184003508975
-1.6545481142645668,0.707654793012992
-0.8107669886957509,0.8531906755525026
-0.8068786634440674,0.8411349399416218
-0.7866454854791313,0.9101205384874487
-0.8526721417878037,0.9416350092482633
-0.7912796763867128,0.9037390682794075
-0.6446686423476713,0.838709621711303
-0.6344205595111174,0.8352459441844344
-0.6679863198498531,0.8742797966422328
-0.6155488742230203,0.8440291270530044
-0.6087468863749631,0.8262449136098502
-1.1486856897681959,0.7453511512483906
-1.0586517138179088,0.8053057855502607
-1.2083413184139162,0.7444957817605939
-1.123379472049666,0.6939076399252448
-1.115593426855835,0.7694936225077176
-0.7193354889779949,0.8930704344100387
-0.7257897037372479,0.9117224597715208
-0.7504039586238141,0.9031025933785986
-0.7093184124454635,0.9013080821334473
-0.7047785815557316,0.8903761672819401
-0.8221988671363326,0.9526390943226636
-0.6803019530083237,0.9062436375478461
-0.766317058145291,0.939387639138
-0.6852578251775989,0.9111881052131375
-0.7304458867658122,0.9325854828653518
-0.7825472168441409,0.9256466163034668
-0.6303808903415696,0.8368200837346037
-0.8700971568078206,0.9389514098352261
-0.7437624875798065,0.9219804816965153
-0.7492984759155195,0.9246584500964515
-0.7786368497513532,0.8869818109008702
-0.617611190570737,0.8623216002908928
-0.8070051946109332,0.8999795349355801
-0.6448738474849887,0.8755938281371184
-0.6934844564782168,0.8981237234688989
-0.8931104887926596,0.973075611431531
-0.8510510851036057,0.9625774037856591
-0.8165052390809574,0.9544214247707388
-0.792651188881778,0.9464432119930907
-0.837927865272082,0.9630578594527643
-1.0313835007494543,0.8986333695248624
-0.9350738859843729,0.9155816285886341
-0.8314589692125389,0.9203894831952488
-0.8753159057272708,0.9691308013410219
-0.9097352941583079,0.9399437863549698
-0.7347528623925672,0.9348530197163744
-0.7545592562535515,0.9375814649962654
-0.8259732851913686,0.9408284435952394
-0.7228022288928797,0.9163621361465087
-0.7578470996143417,0.9393597843683866
-1.1006440519178688,0.7718062820586193
-1.0915856370076256,0.7795232767884659
-1.252003719782742,0.724110769822705
-1.0597818283110187,0.7352909398655142
-1.1092786180488192,0.7665579257555982
-0.795488930839203,0.905949890219289
-0.7741537871154557,0.890809326023396
-0.957214908666601,0.8456141074336815
-0.8745784520934073,0.8759735903178951
-0.8429846925270303,0.8899802345421226
-0.9963764290795541,0.9641097085173879
-0.9922271530003387,0.9600065598280476
-1.0098889402341171,0.9752321270963753
-0.9629448012541201,0.9677610149487491
-0.9875554999834637,0.969628526984369
-0.7148492834531547,0.8918312640734442
-0.7593878079659568,0.9081392845698391
-0.7595859749765798,0.9113491620327685
-0.6949717493680982,0.8698244405533919
-0.7191704387830333,0.8886123447453663
-0.7145867199896244,0.9177526042038137
-0.6389551958157561,0.8765823882831119
-0.655013348336109,0.8889866890526676
-0.6430182394034115,0.8777988978001618
-0.6556890447100585,0.8889298726923217
-0.9304990685523057,0.8116448891492574
-0.9694191997832368,0.8178671793869594
-1.235640602564006,0.757580012264406
-1.168677917977552,0.7687127217334402
-1.0391665389306346,0.8197916674356786
-1.4988578888543813,0.7641278207084736
-1.310106230640965,0.669143808477039
-1.5462742697145566,0.7445010940646517
-1.235256707663072,0.6558610875274189
-1.626795834606577,0.7020369576730124
-1.7106560143187848,0.8553842791798764
-1.5960564381022149,0.8548224958470011
-1.6303106066772821,0.8192338361875551
-1.2784360202820642,0.9006564279330056
-1.5168243785832165,0.867746513603639
-1.1105058809347832,0.9390084027289376
-1.00313277341614,0.924587571482345
-1.0924320735399091,0.9241826287296405
-0.9836364981062392,0.9183547852895474
-1.0468366838484617,0.9326560727051636
-1.0404300280249856,0.7512687407256254
-0.5861417543589077,0.6978338504413022
-1.0522968420069307,0.703490103492234
-0.6292603610883862,0.7201106659489569
-0.7848385029349314,0.7794937668466161
-0.7712824059125929,0.9283531132541708
-0.6998851951817961,0.8950539861993287
-0.8061243266001564,0.9161870778454806
-0.7629933963852523,0.8747357909274075
-0.7482977473481899,0.9248416992695472
-0.7420513495516154,0.8993917681158476
-0.6948480519941936,0.8529310359842913
-0.7854680409547093,0.9064243843505216
-0.7674531433226923,0.9087802829742112
-0.7060788842405371,0.8750107695027343
-0.9136033210878212,0.8588654238266842
-0.7907188668322545,0.8667075628882933
-0.8513471750636912,0.8764095073462717
-0.8846716560494375,0.838935756391975
-0.8468622905082385,0.8711870123767834
-1.974114516058125,0.8891979843670982
-1.5937464656983544,0.8741759138069585
-2.2895359280127225,0.8293432050248678
-1.89893307066656,0.8558484827681312
-1.8521577631675876,0.8839976723768703
-0.8035695176693449,0.9457239678882561
-0.7296344615616434,0.9173431212759626
-0.9282966879677121,0.9183571360432103
-0.7592593298231205,0.9437364050037723
-0.7926358243048456,0.9513718222196543
-0.7981491982166281,0.9168139875106304
-0.614993984868518,0.8146634393312038
-0.8597049551524063,0.9115211798521201
-0.6073385194440108,0.787013608174946
-0.7154942258408725,0.8910411391243009
-0.6527886272034757,0.8751914865573387
-0.5814345235022573,0.8396722338300475
-0.4908251198484111,0.7568971203000499
-0.6195576208127173,0.865160847504032
-0.5747953613442642,0.8257912475841035
-0.7422658767208705,0.8967314604949235
-0.6339010312222919,0.8615065640454062
-0.7292997776740673,0.89592130595467
-0.6299838798242919,0.8747991406135776
-0.6740228844843108,0.8832247387102357
-0.7846107927635444,0.8878636147118354
-0.7682502833784782,0.903085545018942
-0.7612017799353786,0.8769743393348091
-0.7848567290750408,0.9048080666853463
-0.7472987965475298,0.8632242288804722
-0.9106069170073585,0.9629238925679128
-0.8744931916729095,0.9519627209896177
-0.8075496511204274,0.9316853845980086
-0.8962645846518701,0.961549542278052
-0.8583880558528382,0.9473539181983857
-0.8266759289161969,0.922351794384268
-0.725274128945409,0.9275079811775118
-0.7370140900050995,0.9320495777264408
-0.8685640364670717,0.9388198083501147
-0.7727527340271033,0.9451094333015897
-0.8355498375417065,0.9338921661713091
-0.8594136282032706,0.8942667696640502
-0.8045429484742413,0.8994169238512469
-0.8016164578811631,0.9041863984232904
-0.8209003978148747,0.9131378429073131
-0.7288677161166969,0.9171976333819741
-0.70015678186877,0.9137043631810962
-0.8260607262523806,0.9577481230364964
-0.8034833958479263,0.9539960521516895
-0.7522525920987353,0.937618197152951
-0.8739013172060459,0.9264299632376222
-0.8023647114057434,0.9123250914670814
-0.7903824590682786,0.9203946752154596
-0.7443455281858408,0.9024153679792786
-0.7853202957747806,0.9236718962448277
-1.4307287645341156,0.7897036259159785
-1.6306482148991328,0.7157445044031286
-1.9704057812967228,0.6917625617289835
-1.4966571643979851,0.7570152338373379
-1.5816202971460254,0.754429478797771
-0.7544414647144853,0.9367757795477819
-0.7111842031240165,0.9041182443706433
-0.8004230835674551,0.92594173681587
-0.6442474157411071,0.8753247299755027
-0.70353510728524,0.8981194886436604
-0.7576233290669138,0.8800451731319353
-0.49483161257069824,0.7816308467069272
-0.7363086954607425,0.863051078096043
-0.6538043488653605,0.8657379737955418
-0.640238121524939,0.8423198553689908
-0.817678180098126,0.926255478000246
-0.8305238035350555,0.9486356895972511
-1.038886532125522,0.8425830272480119
-1.0312177471105852,0.9042336705193679
-0.8853282628444328,0.9451668699207029
-0.9402251478501336,0.8423406732689677
-0.8600684829075951,0.8097275195677823
-0.8537472261273532,0.8564456006365442
-0.8537585414506476,0.8352953238516186
-0.8651222983719256,0.8460230852273729
-0.7953761971277831,0.930088331196453
-0.6951108878071267,0.9123098922381094
-0.7953532106013681,0.9416698385296933
-0.7362089999263258,0.9248981789592778
-0.7419104215609376,0.9289363685304128
-1.7926193446433734,0.902500335917094
-1.626491598355857,0.9105783628544986
-1.8722488678341191,0.8865061794490867
-1.794848133236936,0.8778083062569888
-1.7556085562746329,0.8996600015467454
-0.996341835000961,0.7501286928588274
-0.9801102922488251,0.7334469722318097
-0.8440405592734986,0.8099344282500891
-0.8405204794159429,0.7657850366762577
-0.8974731926093467,0.7806226079951536
-0.7939799735048059,0.8532994713371711
-0.8679493057377026,0.8303093949136912
-0.8054275125805302,0.8373950819507942
-0.919135288143303,0.8349745487706337
-0.8293897483053391,0.8517290056020198
-0.6426471048729057,0.8822251827105919
-0.7046810602122202,0.9095181348397073
-0.7160231113286962,0.9173617444587192
-0.7400688073151777,0.9172957364054917
-0.6967890855172075,0.9112653905416858
-0.689107712691428,0.8934934640459669
-0.6683068374141463,0.8487571941643596
-0.7388807646026196,0.9204006468080626
-0.7111841691731204,0.9053249237655615
-0.6781502856044582,0.8999163966791116
-0.7670011243209198,0.9067789767684368
-0.9759747853969837,0.8035839443119605
-0.917923075002598,0.902431558669436
-0.9436617478831921,0.9190573225053418
-0.8762146949864963,0.9128686585522331
-1.2148229004926754,0.890324608043682
-1.2901358041557343,0.8941600802820895
-1.445950086263572,0.8699428932354409
-1.4667917218054385,0.880043489956092
-1.341435633902961,0.8885165365878277
-0.7934855602357697,0.8892835762617016
-0.4941369940463571,0.7408352436743437
-0.7044178255608774,0.9098976685860555
-0.5214560993269142,0.7880341794123837
-0.6261440635604343,0.8744038765845056
-0.8734392032841718,0.8969443325383913
-0.7914280457751979,0.8104524292097679
-0.956951250788836,0.8900606592847339
-0.7550054825340541,0.8739498197641207
-0.81960581368793,0.9061320680488282
-0.9414966653659124,0.9043638113735527
-0.8122485980113245,0.9199920998528908
-0.9060756762390069,0.8994017692826525
-0.8007966062044621,0.9229090067053102
-0.8591988136440026,0.919600840648706
-0.881691038329166,0.8743835196795382
-0.826684863592729,0.9033778511282984
-0.9181926688841051,0.8748886458309535
-0.8860088167104684,0.9211122740703543
-0.8702598539885665,0.9023261403884874
-0.7101477792353135,0.9015382259863008
-0.7157766087647623,0.8947843172528869
-0.5751307780064446,0.8075152505530442
-0.6487176056647168,0.8493696165669034
-0.6367555416539376,0.8506815897494543
-0.8601087872566243,0.8623699732981597
-0.8602413093626917,0.9076057827908619
-0.8744886097128045,0.9325068943483713
-1.0320768443350654,0.8782485019532176
-0.8907056764578593,0.911026828606809
-0.7973543903062299,0.8450336402740312
-0.8430397275503847,0.7699932443616007
-0.6190654644499153,0.7792182203279989
-0.6582135824960975,0.8376888953057243
-0.7057348634642658,0.8311278250357599
-0.6709637734844585,0.8858211823880411
-0.6076222513664613,0.8499076702769636
-0.6803550351459499,0.9087190547879517
-0.6955426477270681,0.9059972032805911
-0.644418669471673,0.883551850451061
-1.2572532193427566,0.8307773534552009
-1.3533270030580273,0.814769113849521
-1.2704325720950471,0.8273710809117032
-1.312302070579271,0.8181556900881165
-1.3647432991991175,0.7707882384878243
-1.0094353786823116,0.9157586741996017
-0.7760580388129731,0.7359077004545604
-1.1740942612487073,0.8698592327089166
-1.0734927802546963,0.8565530447186068
-0.9935795520840681,0.882952163614074
-0.9854346473645281,0.8375127303785271
-1.0333384368545022,0.8208137249848018
-0.7322891942779123,0.8948177102313106
-0.740134523947124,0.9044950041249485
-0.843338240193262,0.8981599686652061
-0.5903258809036148,0.8170452553413654
-0.5963950088620447,0.8307709185479678
-0.6512613472580021,0.8769986808966099
-0.6823317941095598,0.8900986778867053
-0.6138487026096304,0.8409353355037743
-1.214248164597541,0.7882950710007157
-1.00382026760913,0.794564361621384
-1.1524460734534705,0.8077599331809767
-0.9988692068398518,0.900802752730223
-1.0697066000388444,0.8420753379182682
-0.7144285304626797,0.9163279830830013
-0.7297917632536567,0.9092729214100815
-0.685034864588849,0.8883997788883452
-0.7813458803682128,0.9398341389028437
-0.7089060874521932,0.9172124390048562
-0.831613483157701,0.8521439023859283
-0.7315332552134004,0.8623346328326066
-0.6760478707638128,0.8633353376545971
-0.7052195758456471,0.8848559022502854
-0.7198188257942176,0.8911081087697672
-0.8865443707324743,0.9031032623504445
-0.7148443470627044,0.8274619823433869
-0.679749056293667,0.9165218280754265
-0.6096029597036274,0.8320080220012521
-0.7217583598914464,0.8995122764419459
-0.8301817770053843,0.8477534028352657
-0.8376176035109358,0.832904491790929
-0.9132590392881077,0.8903362570101223
-0.7981591815190687,0.8484042274698255
-0.8355302704950373,0.8732172997967784
-1.0917771341015396,0.9760068812633791
-1.0531672998605766,0.9493336695043078
-1.0139299080777662,0.9684051761406064
-0.9743983043783401,0.9508420042561814
-1.034613676751775,0.96583148634903
-1.4639577879139074,0.8925400523202427
-1.3438009918241238,0.8598708807465814
-1.6124482159595805,0.8586041805994122
-1.3411206204219859,0.8503337810604132
-1.426211022817838,0.8708018081468338
-0.8816729463896779,0.9701273367380998
-0.8417209310253354,0.9350874297964478
-0.8015471684664787,0.953908543621465
-0.8206766189912993,0.9415512527625913
-0.8363204942480748,0.9580632448147147
-0.8717265958093946,0.9290224645857033
-0.797576624426008,0.9294470261701594
-0.8668415464227973,0.8949928657167564
-0.8689950142077524,0.9312662527378157
-0.845145567133374,0.9271794943425269
-0.8477448898240264,0.9397908883542547
-0.759391540977923,0.9184346893325906
-0.7217074877361351,0.889065841872892
-0.768851052348138,0.9131620378074632
-0.7462175073904362,0.8976939875565669
-0.8346406033795454,0.8854943500020589
-0.7542121983363397,0.8134927553075209
-0.867624169066295,0.8347681584987998
-0.6695995680507408,0.8431259253757714
-0.7707094054777074,0.8577686137365363
-0.7212130441667106,0.9161198171980833
-0.6940987136728243,0.9184237599382791
-0.6897096253642715,0.8958337763511248
-0.7322431236344625,0.9300130171720187
-0.6941980486609757,0.9152480870691605
-0.9880068447880826,0.9119511693596524
-0.9213898477603539,0.9480786439412006
-1.1988098466323962,0.8771709297176901
-1.0894978978785614,0.9114811250619012
-1.0356605187955183,0.9267019064985453
-0.8996576270437955,0.8638775460852294
-0.8365112490328542,0.8082136221373893
-1.0530821069104073,0.8103900783055066
-0.8768580467764057,0.7993121347862687
-0.8996849806577811,0.8348895943592992
-0.7748945968815686,0.9400013766234947
-0.7177707466315144,0.9218427577853966
-0.7344018671781678,0.9298866853585894
-0.6996153552016935,0.9156260294655701
-0.7292538935190159,0.9281947436635264
-1.4147263932314826,0.9241879257490763
-1.0593554006024302,0.8354210666722282
-1.3373071892768102,0.9450768696920627
-1.2155662778668945,0.908613861704781
-1.224462477161653,0.9340216485621236
-0.8699342418768449,0.873746003149166
-0.8058945421287683,0.8498086041043136
-0.6797782446654719,0.8882643723634843
-0.8398564011803213,0.8710213156542148
-0.783207025225596,0.8886379220993188
-1.4543210283202885,0.86384895422633
-1.422041928127327,0.8328354099576764
-1.3584675677429219,0.8413811021359138
-1.3231975287922757,0.8008080387902577
-1.468848390799465,0.7961781069128154
-0.7507504898000854,0.9018058496141986
-0.4184761222012065,0.6174942009381763
-0.7917652722518151,0.9101931190575062
-0.6946627074970902,0.8904350763325385
-0.6458620013008838,0.842460878010895
-1.3766927848541162,0.7290113165398822
-1.395945028868777,0.714985378288305
-1.390474967045029,0.7360155549483229
-1.343915867067147,0.7546721103740055
-1.3658883498994463,0.7489799314337082
-1.5405681126764097,0.7274008572671762
-1.3781484903864978,0.7430091201663825
-1.5799395318205351,0.7050804074642885
-1.4153977455143512,0.720085641990525
-1.6149822601533588,0.6972752988643048
-0.7719823845250187,0.8821969820794539
-0.9128691304944904,0.7899684257307555
-0.7538898337803241,0.9041578977131873
-0.9156407950949541,0.8175955347855631
-0.8021545713223944,0.8797941060513385
-1.4903260345720457,0.776440925094151
-1.1483872225458789,0.7445225572909179
-1.7048338274454848,0.7257026915200151
-1.5320948765137046,0.7482351173092928
-1.4137969636054053,0.772453495943662
-1.2856557201531646,0.8742685735759094
-1.2445107560638966,0.8960568735152606
-1.218146893542014,0.882493740286734
-1.1992710205818045,0.9172149041359977
-1.2346673380087303,0.8945184371027141
-1.113040206219147,0.9725110622623634
-1.1287376538078266,0.9682768270040043
-1.1558045349235793,0.971573442071632
-1.1968738854232581,0.9629862895010525
-1.1455560037435895,0.9741457469546568
-0.9992685803129815,0.9469662123534112
-1.026497204826428,0.9209298237241172
-1.042179068709095,0.9549057255049748
-1.0528024441730404,0.9000707720163061
-1.0288385457431186,0.934268583571481
-1.16570551699801,0.9194841764998527
-1.1005832301877925,0.951683732936999
-1.2749390272679246,0.8960725189548828
-1.0605986874379751,0.9460521543061194
-1.1403813168366017,0.9335802184534552
-0.8671666847021432,0.8577514953403719
-0.9988507002895023,0.8016199488291857
-0.9360232509202192,0.8424140487857674
-1.1720039251204741,0.7644875818114019
-0.9689833567089513,0.836515312544713
-0.7694453606665265,0.9208642548899958
-0.6934608050312794,0.8823929408392462
-0.7709918425569271,0.9300668484516296
-0.7050890561516157,0.8912355682086934
-0.73463306306058,0.9094973435659123
-0.7155549230038928,0.9089724589784175
-0.6383038952404685,0.8536335825034393
-0.6231005762618955,0.8601737421117398
-0.7785570202167844,0.92785979480425
-0.6603834701728654,0.8647032879197027
-0.8115175531356872,0.9588770982335213
-0.7960361211297803,0.9502382889242565
-0.7663871833763266,0.9503822406647714
-0.7741400923216691,0.9478507123044392
-0.7856945755748544,0.9542239889822571
-0.8817488157453239,0.9615189204874509
-0.872384592927694,0.9572628363797396
-0.8644539702797038,0.9551948445183117
-0.8750069235510014,0.9560662939486032
-0.8585941536439545,0.9585333987802442
-1.6285454785858078,0.8423414704831783
-1.4607422727785622,0.8343979195046036
-1.6037344732105276,0.8348954214169886
-1.3684976320007407,0.8417295513812041
-1.5015540851859954,0.8428549956942529
-0.6994038311930915,0.9135735108737181
-0.7174638639641823,0.9109571220241328
-0.721277721284339,0.9040201734996258
-0.7337590334144599,0.9168738069230955
-0.7106430353659907,0.9178731532503989
-0.7763525233708098,0.9302873337123515
-0.6361454255615042,0.8655382135532506
-0.7977915404114655,0.9380337354035728
-0.7688990837716452,0.924447125217732
-0.7272640836338483,0.9267668462602481
-0.7575045621857411,0.9286744783272124
-0.6135625229644173,0.8551291165791084
-0.6396156201527734,0.8621285436153
-0.7971445961135937,0.9354115185805251
-0.6822638643983994,0.9044971878765682
-1.1762289995598454,0.9482682917186018
-1.2568753304500961,0.923589322765911
-1.2334944322172825,0.9436865447922983
-1.1187929591775228,0.9557155182533384
-1.1911613983550926,0.9492631423453374
-0.9309284001697159,0.8398333518143415
-0.8482819850015143,0.7984560092295047
-0.7878367734897154,0.9112504648470637
-0.7989199310022433,0.869411764387154
-0.8369092621246944,0.8649593625922858
-0.8458625880584022,0.9493289132055494
-0.5402908904883842,0.7132059398833872
-0.8121236775385973,0.9357355527636061
-0.8466803643808822,0.8822925045557429
-0.7340992070704394,0.929583984163158
