Image,Book Number,Slope Q1,R2 Q1,Slope Q2,R2 Q2,Slope Q3,R2 Q3,Slope Q4,R2 Q4,Slope Whole,R2 Whole
images/filigrees/Corale 16/C16-6v-7r-cropped.jpg,16,-0.41059468763501905,0.7533308377900091,-0.33099461948494036,0.7586833229072677,-0.33514211389812515,0.7284853426175645,-0.38222543516275576,0.7652495814786294,-0.49823578400415314,0.886264550815495
images/filigrees/Corale 16/C16-2v-3r-croppedC.jpg,16,-0.47566815988755495,0.8955642423978439,-0.4283419486182649,0.8744551641178675,-0.44191375652962295,0.8644221799456604,-0.4718792884814502,0.8879510223846613,-0.649683735818854,0.9245063230687726
images/filigrees/Corale 16/C16-1r-croppedR.jpg,16,-0.5165889752355294,0.9103673082326118,-0.5172793182657963,0.9105492617963837,-0.5272391534889257,0.9129558970491393,-0.5037405191693503,0.9044663239961191,-0.6912074595823932,0.9188880867918844
images/filigrees/Corale 16/C16-102v-I w illumination-2-cropped.jpg,16,-0.823943431838703,0.9598524769975066,-0.7186264731553433,0.9291755967881283,-0.9173705357047568,0.9582042330097471,-0.7951969786392737,0.9458274927500127,-0.9869369553700992,0.9249008973158075
images/filigrees/Corale 16/C16-31v-32r-cropped.jpg,16,-0.36910603729168573,0.7848617462938184,-0.3383092558931687,0.7838568066914829,-0.3625297952309293,0.792685305681064,-0.34779497626859096,0.7938991967540009,-0.513932689308828,0.9090718059908782
images/filigrees/Corale 16/C16-6v-7r-croppedU.jpg,16,-0.495297528214368,0.8763870574937577,-0.4604983684479442,0.8664824451835217,-0.4858791313788407,0.8745227536741306,-0.43418884548765385,0.8379541674124076,-0.6536880690634089,0.9321386381355382
images/filigrees/Corale 16/C16-3v-4r-cropped.jpg,16,-0.42214325114454354,0.8145619549820666,-0.4026702700948413,0.8296986367375583,-0.4123182012439398,0.8127673393912822,-0.4428972808004306,0.82011454027724,-0.577224494035044,0.9206401803827129
images/filigrees/Corale 16/C16-31r-cropped.jpg,16,-0.5544394865166173,0.9082780993524507,-0.5358491964904474,0.9026773348979579,-0.5668307317701565,0.9171407140693177,-0.603279506758165,0.9199975248205523,-0.7567241921068686,0.9500228435304748
images/filigrees/Corale 16/C16-23v-24r-cropped.jpg,16,-0.5837250740954426,0.9192693277269531,-0.5827460622944237,0.9210652603921903,-0.6009665077472967,0.9282174813423876,-0.5646488659273146,0.9112486911980496,-0.7954062939779711,0.9300643013239129
images/filigrees/Corale 16/C16-31v-32r-croppedA.jpg,16,-0.3543596405770974,0.7490987860297844,-0.3945026998552778,0.7858061643151626,-0.31694405708470363,0.721877440020549,-0.3756635393988935,0.747346136839532,-0.5119607130771446,0.8935957904681601
images/filigrees/Corale 16/C16-24v-25r-croppedN.jpg,16,-0.3969636765240562,0.7983672856533218,-0.405341820098632,0.8115225058196224,-0.4339689898219978,0.8302423469728296,-0.39641538308709073,0.8393487568337551,-0.6026716402783692,0.9286723571175716
images/filigrees/Corale 16/C16-35v-36r-croppedh.jpg,16,-0.41067406136832973,0.843180892250034,-0.41155204191025146,0.8653788962183587,-0.4214961626187523,0.8480901358725108,-0.35574185747354276,0.8340227560017375,-0.5765070019425074,0.9219597733173662
images/filigrees/Corale 16/C16-1r-cropped.jpg,16,-0.4855528639682821,0.8813744160678432,-0.49620129351653736,0.8861567286877384,-0.46113525657402293,0.859583906606397,-0.45060519349091743,0.8704920130798363,-0.6603385598922885,0.9400395570512298
images/filigrees/Corale 16/C16-35r-cropped.jpg,16,-0.5195341626251337,0.9078767141203598,-0.5841637056087893,0.9218312813560444,-0.5291034962192032,0.9110213220957218,-0.5648177864750994,0.9191536534840886,-0.7602273444560776,0.9362699461213868
images/filigrees/Corale 16/C16-35v-36r-croppedL.jpg,16,-0.4554403276941647,0.8656960658487394,-0.3268140921110774,0.8130766578366396,-0.4746974593765304,0.8510939211953973,-0.41280630529643686,0.8447876193484679,-0.6096200553400287,0.928990771831316
images/filigrees/Corale 16/C16-24v-25r-croppedE.jpg,16,-0.40092890425947214,0.8525467080979465,-0.4447565321159267,0.8746164724154766,-0.39259366835124443,0.8508675178591687,-0.3913168561598878,0.8527786543089706,-0.5768653092388129,0.9155653386545072
images/filigrees/Corale 16/C16-38v-gold ck-cropped.jpg,16,-0.6559194697939066,0.9364916276988203,-0.5972206880934421,0.9282420352472526,-0.6425513274667823,0.9345496749438443,-0.6087475723433946,0.9302637333051916,-0.8390948471148985,0.9495252864054777
images/filigrees/Corale 16/C16-102v-103r-cropped.jpg,16,-0.6969294578814554,0.9458722542850702,-0.758095655805597,0.9545132359110746,-0.6484800370040885,0.9362792432718068,-0.7676190603175043,0.9544128047698508,-0.9072761165542876,0.9580414568884774
images/filigrees/Corale 16/C16-40v-41r-cropped.jpg,16,-0.5658933673901682,0.924235685790489,-0.5641369017593822,0.9203830215752998,-0.5895450331747082,0.9270506558278867,-0.5322859796796983,0.9132088735731139,-0.7883374981602328,0.9388864443623001
images/filigrees/Corale 16/C16-41v-42r-croppedU2.jpg,16,-0.34731096323833505,0.7247937708092728,-0.35563688052656595,0.7674426384225048,-0.3637039737285415,0.79647908648088,-0.3537321933907759,0.7533276575994283,-0.5084078587004661,0.8962052758323461
images/filigrees/Corale 16/C16-46v-cropped.jpg,16,-0.5244166636502618,0.9101330867066255,-0.507645428354587,0.9070657234725521,-0.5530410599789709,0.9202685011261518,-0.4848731815593241,0.8976427865535704,-0.767381696503635,0.9254185767491913
images/filigrees/Corale 16/C16-22v-Drawing-2-cropped.jpg,16,-0.8249864382712265,0.9552664275905609,-0.9067734580967255,0.9532022330889176,-0.8694871198639478,0.9529975200538625,-0.8635935087893551,0.9461883622892556,-1.1325408220106563,0.9308130483493191
images/filigrees/Corale 16/C16-2v-3r-croppedN.jpg,16,-0.417409649967181,0.8481532773673468,-0.4659630568584148,0.8634212719352161,-0.4477558212541041,0.8576343269281809,-0.43209700221713904,0.8516514513589155,-0.6240954052959277,0.9363114392027342
images/filigrees/Corale 16/C16-74v-75r-St John liturgy-cropped.jpg,16,-0.45678122046293873,0.8775927423453057,-0.5000788112296594,0.8853978467480629,-0.46704423303324866,0.8841187072363916,-0.4662823183280429,0.8897206824598943,-0.6844204758859647,0.941549299995127
images/filigrees/Corale 16/C16-41v-42r-croppedU.jpg,16,-0.4498188098361572,0.8452004232608958,-0.4545917855508542,0.8552056238540381,-0.46376027616296417,0.8673382772586403,-0.4546196513274648,0.8583384893378743,-0.626304836404746,0.9284987649562181
images/filigrees/Corale 11/C11-145r-cropped.jpg,11,-0.6783009370755461,0.9354043386578597,-0.6644404267703733,0.9260800328801164,-0.601842170282147,0.9210712836958925,-0.6623944896218719,0.9234455260094722,-0.8041856261532602,0.9316078715081705
images/filigrees/Corale 11/C11-109v-Heart I-3-croppedS.jpg,11,-0.3385337044893874,0.8164183889818897,-0.3471707093473286,0.8241777698269713,-0.37896694432706596,0.8439166878440574,-0.32613482412705164,0.7984369495510398,-0.5000116150979317,0.9012746618157434
images/filigrees/Corale 11/C11-22v-H-2-cropped.jpg,11,-0.6798893165279712,0.9331746876146002,-0.6935778217505978,0.9376925053530699,-0.715328419879475,0.9445430746475192,-0.670045709612104,0.9372945800483645,-0.9026410412636084,0.9620702085318517
images/filigrees/Corale 11/C11-109v-Heart I-3-croppedE.jpg,11,-0.4254091657535697,0.8284427820224467,-0.38487494085027113,0.8398534790373372,-0.47137687145586954,0.827414779145722,-0.4059825927427487,0.8377345980972487,-0.6056565145862077,0.9293214417211652
images/filigrees/Corale 11/C11-28v-greens-2-cropped.jpg,11,-1.0943704143882365,0.9626890595560937,-1.0739755935242041,0.9545776103136944,-1.0519339509816188,0.966284932181997,-1.0583340587551429,0.9556218523434927,-1.3209915824105753,0.9372153095512262
images/filigrees/Corale 11/C11-30v-31r-flowers C-cropped.jpg,11,-0.6617034219672215,0.9351916488185572,-0.6721579256797284,0.9289004515503468,-0.6662452886557264,0.9362503467464244,-0.677445076669042,0.9345569125654336,-0.815631722551116,0.9482502426189929
images/filigrees/Corale 11/C11-89r-croppedE.jpg,11,-0.5400323267734228,0.9131118480006972,-0.505765597170467,0.9028152888775063,-0.5108786838411006,0.907853346316432,-0.5569663019900318,0.9171858521378129,-0.7375624088671356,0.9203570860780043
images/filigrees/Corale 11/C11-14r-I-cropped.jpg,11,-0.6428211174156615,0.9351101472211582,-0.6248140448746805,0.9366377821683882,-0.7454313013242344,0.9407685386055447,-0.7046187486502177,0.936548963324654,-0.884561972690186,0.928404320991499
images/filigrees/Corale 11/C11-28v_greens-croppedC.jpg,11,-0.537478562342632,0.8811466065602842,-0.5302699309519271,0.8877880272711316,-0.5495428830335538,0.8871456072091054,-0.49280224312137705,0.8880370118275231,-0.7158312978273225,0.9499291244437548
images/filigrees/Corale 11/C11-109v-Heart I-3-croppedS2.jpg,11,-0.3930148062081064,0.8520092149285163,-0.333402628675294,0.81191064296203,-0.36664715484044696,0.8420372798373883,-0.3616005166324684,0.8330671741373404,-0.5576923607914617,0.9095163922845957
images/filigrees/Corale 11/C11-163v-O filigree-cropped.jpg,11,-0.8868096126843124,0.9478715006422065,-0.9082700735924121,0.9309640584738176,-0.9007170098898652,0.9413626130965602,-0.9084264647145841,0.9216127664914813,-1.111118998305122,0.8723738462540321
images/filigrees/Corale 11/C11-123v-cropped.jpg,11,-0.554712849971676,0.915947275651461,-0.506194019149377,0.9052746920543828,-0.5519447943874686,0.9113674779348774,-0.5158348741835765,0.9068625410094506,-0.6877436745580273,0.9348932386793773
images/filigrees/Corale 11/C11-54v-Modified O-Mod-cropped.jpg,11,-0.6457867594906537,0.9384734159814813,-0.6606850631430572,0.9367697515476813,-0.6415734079481906,0.936851521764005,-0.6381603411357171,0.9312938792906176,-0.8859487401280606,0.9490542510651513
images/filigrees/Corale 11/C11-150v-cropped.jpg,11,-0.44987136518936893,0.879928330741342,-0.4295210155662798,0.8755901969334893,-0.4429144350537889,0.8776867649923334,-0.44830552556560205,0.8811344070556847,-0.6399331887587744,0.9173640868565658
images/filigrees/Corale 11/C11-28v-4-cropped.jpg,11,-1.0637776075427,0.9428683218260825,-1.0317462630167389,0.9194339446962088,-1.0546080038663577,0.9373561988904225,-1.0284738709646952,0.9181851096760162,-1.3351124058028605,0.9017224197125895
images/filigrees/Corale 11/C11-29v-cropped.jpg,11,-0.5050005396711554,0.9051181027164227,-0.5208394640778015,0.9101213556611101,-0.48237000070845953,0.8980458144324603,-0.49029948552968755,0.9019134735210063,-0.7172455651803642,0.9141372141119662
images/filigrees/Corale 11/C11-54v-Repaired O-Mod-cropped.jpg,11,-0.49217205999277597,0.8901345961025102,-0.3589508777244913,0.8309582523974949,-0.4606042221576349,0.884537200730562,-0.40724471790164707,0.8647917340812923,-0.5670449545350226,0.9066024426683998
images/filigrees/Corale 11/C11-78v-O sphere-3-cropped.jpg,11,-0.9856628340880211,0.9646155110519298,-0.9961463058541007,0.959368674865255,-1.025469440787202,0.9602934930121142,-0.982140430335959,0.9539051536891037,-1.2369868066493444,0.9504202983904723
images/filigrees/Corale 11/C11-151v-cropped.jpg,11,-0.5143407477449834,0.8966236207867121,-0.4919693163646065,0.8957051611367542,-0.5864108845062327,0.9093299400058055,-0.5329495935793551,0.9115974998455293,-0.6680953309581995,0.9343454821430753
images/filigrees/Corale 11/C11-33r-E-cropped.jpg,11,-0.8235320773460381,0.9541379230407021,-0.8753389744360146,0.95530378977208,-0.8392904018527357,0.9552221449949045,-0.8975916963708044,0.950477078297493,-1.0766266884069247,0.9239489644885873
images/filigrees/Corale 11/C11-31v-C flowers-3-cropped.jpg,11,-1.3181268925506897,0.9500351738027534,-1.256068519719179,0.9232313852334555,-1.3146390902161598,0.9317035493145389,-1.2840460452254854,0.9257298336937961,-1.5298086653503062,0.917235012372874
images/filigrees/Corale 11/C11-28v_greens-croppedM.jpg,11,-0.6023387231771359,0.878275672050589,-0.6315076863897047,0.9152974095076244,-0.6046391279698233,0.9038704589592395,-0.5608196284088619,0.9095346786383266,-0.7897322609679401,0.9560902612623419
images/filigrees/Corale 11/C11-22v-I-2-cropped.jpg,11,-0.8916789019898826,0.9628256127224186,-0.8295277791743437,0.9572565284355506,-0.828705417838769,0.959830852055319,-0.8185489047233531,0.9563889927323723,-1.083947820127483,0.9523430686520519
images/filigrees/Corale 11/C11-54v-Repaired O-Mod-croppedC.jpg,11,-0.4822660170650516,0.8913900324967092,-0.403871928811658,0.8607897930950018,-0.48709770731058105,0.8965787303911217,-0.40078546205322896,0.8576673257568355,-0.6708576597182516,0.9188246243705714
images/filigrees/Corale 11/C11-140r-cropped.jpg,11,-0.958302614029589,0.930196197833388,-0.9375148586726434,0.9217547477527958,-0.9985298905811939,0.9335008535307435,-1.0824749811245582,0.9397015595537047,-1.2331753988379948,0.9104752152633411
images/filigrees/Corale 11/C11-89r-croppedO.jpg,11,-0.43254039650367965,0.855805335406242,-0.45919666748698335,0.876966430356793,-0.42049792825156657,0.8366404662102838,-0.5001045218892627,0.891767193352638,-0.6223643161519612,0.9320155550614483
images/filigrees/Corale 11/C11-30v-flowers C-cropped.jpg,11,-0.8433759990110301,0.9548493111026869,-0.8141179528262121,0.9387450335671913,-0.8244682627488753,0.9553157282991446,-0.7809532905365021,0.9484175959869291,-1.0821796505659689,0.942480998309939
images/filigrees/Corale 11/C11-152r-cropped.jpg,11,-0.4999271755741985,0.8895638221676996,-0.477223975751039,0.8894408296290367,-0.526484488970911,0.8743980674505875,-0.45499452184488476,0.8843205597630709,-0.6770492227883753,0.942047728081997
images/filigrees/Corale 11/C11-112r-O w flowers-cropped.jpg,11,-0.8478583275476083,0.9478522442209297,-0.8608416963367985,0.9463654437784175,-0.8887331548907784,0.9520841163674021,-0.8320511093801188,0.9547277928443627,-1.0521192662915773,0.9188813601390341
images/filigrees/Corale 19/Chp 19 - .098v.png,19,-0.041204724658717044,0.2488929201516642,-0.04110638227351459,0.24143207280202508,-0.07136736967182902,0.36852583273907363,-0.0578867421710057,0.3035098217077652,-0.10879248423712298,0.47729761227866724
images/filigrees/Corale 19/C19-0-Grisaille-cropped.jpg,19,-0.5390197074252554,0.898152972678442,-0.5396671293038863,0.9059927072971317,-0.5129500390231168,0.8807022229427516,-0.5433832011609455,0.9024994193026519,-0.7251723662683559,0.9386125486964897
images/filigrees/Corale 19/c19-82v-Unfinished A-2-cropped.jpg,19,-0.6124457153225964,0.9249544421620952,-0.5477067366589514,0.8951517015246553,-0.612452702075752,0.9304690094672136,-0.5672392213176348,0.9160708112063012,-0.7226079036718968,0.9443312961846035
images/filigrees/Corale 19/C19-36v037r-croppedM.jpg,19,-0.44093331982834516,0.8075443834376036,-0.4338370619971042,0.8251578036741115,-0.39911174583553616,0.7783969291813418,-0.4290050017175391,0.808501414302107,-0.5757420590739804,0.9170429566650593
images/filigrees/Corale 19/Chp 19 - .095r.png,19,-0.04853472117615286,0.2791069207126852,-0.04647385741101363,0.27640702901345204,-0.04321449841429397,0.26230475163990874,-0.05085330976079138,0.2916120164364491,-0.11067515012838772,0.492199418742421
images/filigrees/Corale 19/C19-82r-cropped.jpg,19,-0.8895713439776063,0.9509148884969015,-0.9448975724753474,0.9156546148019514,-0.920400692138542,0.9589925250542337,-0.9396783067024722,0.9418613774527959,-1.1775478897226368,0.9148321976821865
images/filigrees/Corale 19/C19-59r-2-cropped.jpg,19,-0.7828825510350491,0.9288009056825435,-0.8344331047920518,0.9429165563083358,-0.8013721478930026,0.9377089945862882,-0.8367985505024419,0.9516975577405781,-1.0707691170584321,0.9039744383551699
images/filigrees/Corale 19/Chp 19 - .083r.png,19,-0.08088961544767956,0.368471862263313,-0.1272446619002655,0.48013779043520904,-0.09434897896155431,0.4050070285697504,-0.14438119578908676,0.4908533227950585,-0.15530443944343353,0.5549695303452911
images/filigrees/Corale 19/Chp 19 - .082v.png,19,-0.08535089789694966,0.4144103590771399,-0.11588413417112647,0.490863358129326,-0.07708642513504889,0.3908526808604333,-0.08648212506885745,0.41071441802087844,-0.19130007277007938,0.6454806195092686
images/filigrees/Corale 19/C19-1r-I sapphire-2-cropped.jpg,19,-0.8893420846163205,0.9613470168475159,-0.9558049750487309,0.9579865566755668,-0.9373503153514624,0.9682974359700293,-0.9805536820909505,0.9645713295189084,-1.133566267140784,0.945615828667126
images/filigrees/Corale 19/Chp 19 - 104v.png,19,-0.049834187272678014,0.2819264881444392,-0.05904848070134182,0.3191894932625245,-0.07113058579677181,0.36785137923573896,-0.0783618436313177,0.3599577513275056,-0.13226158222895182,0.5271999069158355
images/filigrees/Corale 19/Chp 19 - .094r.png,19,-0.10182343586457437,0.45410997437751116,-0.07104856773577362,0.36661573867272645,-0.10931820288837255,0.4590725827655613,-0.07836302134971637,0.3889966697907894,-0.16639063075082783,0.6041894868145496
images/filigrees/Corale 19/Chp 19 - 109r.png,19,-0.061064678861416685,0.3294331275312689,-0.03480391744229157,0.22438377074656046,-0.060584157031325386,0.3239278929103772,-0.045893808321325356,0.27458130106499906,-0.1043241588861162,0.47279369949155875
images/filigrees/Corale 19/C19-119r-P black-2-cropped.jpg,19,-0.7519060814631842,0.9541113716254725,-0.7554547628226919,0.9390877733543788,-0.7376332312856485,0.9544268887297586,-0.7976476799921745,0.9463357689573421,-0.9766685810967806,0.9393660955526816
images/filigrees/Corale 19/Chp 19 - .95v.png,19,-0.12922573805377877,0.5061423163458946,-0.09435909490432526,0.44112174002372556,-0.1830217877409458,0.6031085372047476,-0.1274247996529887,0.5017522170766578,-0.22655333564947544,0.6941194099412797
images/filigrees/Corale 19/Chp 19 - .093r.png,19,-0.08570307130622665,0.4131696421754257,-0.07054491067242707,0.36727182152124194,-0.07885775953087051,0.38931593457928254,-0.061654876830976875,0.3355493497112709,-0.1470705749077139,0.5668631749148394
images/filigrees/Corale 19/Chp 19 - .092v.png,19,-0.0314546936629593,0.20500557803416666,-0.07998526430032332,0.38276509687064986,-0.05022065470256382,0.2896980192534019,-0.04511866222461649,0.2649580012923826,-0.0919814121990504,0.43531037732954014
images/filigrees/Corale 19/Chp 19 - 102v.png,19,-0.04269147950434566,0.26071687437306296,-0.053222012040013394,0.3024244452385704,-0.07661418064653672,0.38236316921703184,-0.08460684023304108,0.40177655836447307,-0.12542573818724775,0.5187155800359174
images/filigrees/Corale 19/Chp 19 - 0.88v.png,19,-0.08267643685957814,0.39614889774012324,-0.04729184123379393,0.27919477557376937,-0.07284329750387736,0.36084859950891335,-0.05683447405062238,0.31839817460429337,-0.12274058420507067,0.521137609516524
images/filigrees/Corale 19/Chp 19 - .084r.png,19,-0.048885056706124405,0.28692393391174087,-0.05344956937646283,0.30423061621619135,-0.05087779159068018,0.293422932385773,-0.05906062954032531,0.3208312843561461,-0.12210107431761896,0.5109645329572057
images/filigrees/Corale 19/C19-102r-O-interlicked-2-cropped.jpg,19,-0.954096129610046,0.9629880194505832,-0.9723810317969632,0.966741917756559,-0.9052763182450528,0.9596040108161,-0.9655984726737291,0.9622084053828199,-1.1984287637872524,0.9417794732762632
images/filigrees/Corale 19/C19-86r-croppedP.jpg,19,-0.4666214545567936,0.8754837833563375,-0.44186785284917207,0.8605850072162474,-0.4608414564702622,0.8714720711701164,-0.471219282652805,0.8907547700546615,-0.6490194085053123,0.9344232709025808
images/filigrees/Corale 19/Chp 19 - 101v.png,19,-0.07904003550344345,0.3910608176852134,-0.07416075306063459,0.3514259804520925,-0.07021284735101538,0.36070624298055975,-0.07904993576989822,0.39110050268469515,-0.13603068974302993,0.5457313188124077
images/filigrees/Corale 19/C19-110v-H filigree-cropped.jpg,19,-0.6904861949012909,0.9391293565409083,-0.6647869190043572,0.9166892899584234,-0.6782443235865676,0.930345354504225,-0.6636032454092641,0.9117354023923804,-0.9449167296427617,0.9005476240260277
images/filigrees/Corale 19/Chp 19 - .086v.png,19,-0.05983402876973921,0.32968596323308746,-0.046028607902154885,0.2766600248103472,-0.055686858594210076,0.31103037020660035,-0.0396055236705197,0.24886779793938796,-0.10901218568004079,0.48748507410026687
images/filigrees/Corale 19/C19-37v-38r-cropped.jpg,19,-0.4251183821774446,0.8270537875169744,-0.42098347405295033,0.8237721813160053,-0.3691480553365489,0.8040215653579044,-0.4215271534288897,0.8203993427124009,-0.5752085808869577,0.9223298768904051
images/filigrees/Corale 19/C19-85r-2-cropped.jpg,19,-0.6966561526002388,0.9482364460314592,-0.7068379869350728,0.9494254099112057,-0.7004212634261802,0.9494958381686084,-0.6972757856450192,0.9430413510690427,-0.91516389057438,0.9430405881904655
images/filigrees/Corale 19/C19-34r-cropped.jpg,19,-0.6347227232275917,0.9336541711394131,-0.5807823290536268,0.9234903755121601,-0.6013187809981286,0.9218561882490324,-0.6161642128295995,0.9254115909917046,-0.7746529743490337,0.9571534115046265
images/filigrees/Corale 19/Chp 19 - .091v.png,19,-0.09659066966447583,0.429096493149877,-0.0396190636146281,0.24682802565539172,-0.03845282649818718,0.23470906044749265,-0.07872517751648189,0.3715643467458712,-0.1171107747210031,0.4956434732745445
images/filigrees/Corale 19/C19-59r-grisaille-2-cropped.jpg,19,-1.2752818112454773,0.9507094547021995,-1.2653572548640653,0.9403518382150197,-1.3545111235387783,0.8917887180508952,-1.324082068799067,0.8955779956733642,-1.568862857685387,0.9228364603042648
images/filigrees/Corale 19/C19-35v-36r-cropped.jpg,19,-0.4329948067673524,0.8711250599363698,-0.4761507856886712,0.8823515739221385,-0.4431009875637719,0.8784990268435813,-0.43199428125222816,0.871647648555329,-0.6445220993998331,0.9352185450165339
images/filigrees/Corale 19/C19-35v-36r-croppedL.jpg,19,-0.40817510548865665,0.8422597288068935,-0.4211399391239601,0.8470656461357763,-0.4280483072365938,0.8532933031108996,-0.3651578788889593,0.8214463636509924,-0.5564864359256918,0.9150181041707549
images/filigrees/Corale 19/Chp 19 - .097.png,19,-0.05141880145925423,0.29061611977256935,-0.04747485389347687,0.2800896846376086,-0.0633419245493713,0.3325165178613194,-0.0465342359656389,0.2727317382459104,-0.10699407551618306,0.4789771387264018
images/filigrees/Corale 19/C19-36v037r-croppedS.jpg,19,-0.3835235717311032,0.7561460998290106,-0.32811854487664477,0.7550020913860661,-0.30620363187788613,0.7513386491018174,-0.3427400124088802,0.7310040307856756,-0.4825790717197506,0.8773922013516351
images/filigrees/Corale 19/c19-14v-p-cropped.jpg,19,-1.029909925287138,0.9621178914461804,-1.0490978927872128,0.9543617010439591,-1.0374497263664602,0.9670351385480188,-1.047874727098477,0.9503082456871847,-1.302091843709744,0.9433519980938341
images/filigrees/Corale 19/Chp 19 - 107v.png,19,-0.09530589473201195,0.4406033569427222,-0.09598238141662635,0.4478936218697817,-0.07355085533331869,0.37852727291528226,-0.07351555250682772,0.3801895552658591,-0.18321464429325718,0.6409829112289352
images/filigrees/Corale 19/Chp 19 - 110r.png,19,-0.054875504898193546,0.30809311327660993,-0.05572371457327315,0.31412390789555833,-0.08822466920582342,0.41586470701774575,-0.05320807729182103,0.30528792507899205,-0.12363092085373509,0.5213910314697267
images/filigrees/Corale 19/C19-86r-cropped.jpg,19,-0.5081176474922353,0.9089635578974888,-0.4553433192300276,0.8735494676046217,-0.5275180248549296,0.9144766417088477,-0.514363476596643,0.9054078051771465,-0.7026840430835749,0.8967084524249546
images/filigrees/Corale 19/Chp 19 - .085.png,19,-0.08681391898682955,0.41625055493282,-0.073708443163592,0.37687336759099904,-0.06504883702756452,0.34478129959380255,-0.0576659100425732,0.32298725213870183,-0.15731138266393016,0.5918385217763079
images/filigrees/Corale 19/Chp 19 - 106v.png,19,-0.04796317873097819,0.2752593795168906,-0.0658480784376438,0.3442473781010033,-0.07069958654043224,0.35811064644013724,-0.06066179660964838,0.3305860782946158,-0.12104517097051055,0.5126964239234726
images/filigrees/Corale 19/C19-70v-added text-cropped.jpg,19,-0.46448369981242554,0.7926856306320359,-0.2460626128226468,0.7360060327182144,-0.45837637181043683,0.7897946854933968,-0.32110208959834,0.6998375677766568,-0.49525728476322334,0.8832447779659746
images/filigrees/Corale 8/Corale 8 - 0.49r.png,8,-0.6126337830175427,0.9311586600478865,-0.6017099804347769,0.9241989259670761,-0.5920398193392,0.926434589816299,-0.580245445663429,0.9251700165031482,-0.8147223027029482,0.9378302893274816
images/filigrees/Corale 8/Corale 8 - 0.45r.png,8,-0.5509337251553057,0.9155006082149747,-0.5095866894405343,0.9039358183757333,-0.5898955727249219,0.9270876659553476,-0.551231640732726,0.9140202400734484,-0.7904183485030389,0.9360898696887289
images/filigrees/Corale 8/Corale 8 - 0.52r.png,8,-0.5227411508517248,0.888640096284078,-0.5414253648865609,0.892115537223127,-0.5435764875001885,0.8970573717615129,-0.5066354331329777,0.8619218479895383,-0.7370074475397264,0.9455193829633588
images/filigrees/Corale 8/Corale 8 - 0.53v.png,8,-0.5233449354144991,0.9063879034406572,-0.5359331312517416,0.9099285115868815,-0.5418393901851394,0.9110014804481116,-0.5662353226041801,0.9177084701633381,-0.766363272980104,0.9433107917122481
images/filigrees/Corale 8/Corale 8 - 0.44r.png,8,-0.6073711833088546,0.9128614001432281,-0.5840587899880447,0.9203483418691021,-0.5944564130178711,0.9097021577485956,-0.5306315994555153,0.9077906218884408,-0.7844056644524372,0.9508907147741366
images/filigrees/Corale 8/Corale 8 - 46v.png,8,-0.5270081877792295,0.8991709266933064,-0.49532343475412544,0.8918839096330758,-0.5276596918765272,0.9053223711937497,-0.5362838883083961,0.9062646383214459,-0.7494614834382466,0.9400791657368959
images/filigrees/Corale 8/Corale 8 - 0.49v.png,8,-0.6800063592813578,0.9412188946087637,-0.6612949704039709,0.914834793088926,-0.6871571538924166,0.9389472373212768,-0.6288218217577075,0.9245336373324413,-0.8916534733640183,0.9475928024675628
images/filigrees/Corale 8/Corale 8 - 0.32v.png,8,-0.36026126145919507,0.7476792552872986,-0.2692443354396293,0.7397378110816061,-0.3523154307396736,0.7311459335788166,-0.3142961201831272,0.7492721715343519,-0.4807206732327854,0.8687845931272908
images/filigrees/Corale 8/Corale 8 - 0.58v.png,8,-0.4031373607623027,0.8555286863007432,-0.342504746876398,0.8204446031993115,-0.4072683516318391,0.8588856025650098,-0.3182688845304352,0.8052297205528821,-0.5659516301095948,0.9088052857340312
images/filigrees/Corale 8/Corale 8 - 0.58r.png,8,-0.639698985478829,0.9320376020867442,-0.6588949378151692,0.9342742966838172,-0.6384185009268187,0.9335374324690575,-0.6389918308741331,0.9335366580574064,-0.8943353644065312,0.9480949744457592
images/filigrees/Corale 8/Corale 8 - 0.35r.png,8,-0.6682821136803879,0.9354573042097999,-0.6725598565179921,0.9387888525310303,-0.6605582032962672,0.9385556802319629,-0.6322676405687944,0.9331902872120685,-0.8705009819567382,0.9565842060009437
images/filigrees/Corale 8/C8-158v-Completion Q-cropped.jpg,8,-0.8828313768530149,0.9379993204081439,-0.8789470951854856,0.9314543109137757,-0.9448194773547876,0.9280564630364175,-0.9346138786858751,0.9291337160650981,-1.141384997470664,0.8857572232842145
images/filigrees/Corale 8/C8-155v-I-2-cropped.jpg,8,-0.8613993159686909,0.9648352814235468,-0.8270128948224875,0.9641198410638797,-0.8439941672584872,0.9651829777624203,-0.8337755096806072,0.9634284568319141,-1.0390133700770947,0.9562848007850764
images/filigrees/Corale 8/Corale 8 - 0.36r.png,8,-0.5137158112140123,0.8824433878619035,-0.563394051501561,0.8970097520757511,-0.40985053923865383,0.8546908700314786,-0.4467090664561188,0.8628799672797463,-0.672852228702727,0.9367178183107877
images/filigrees/Corale 8/Corale 8 - 0.37v.png,8,-0.5864859259915096,0.8928888469627188,-0.6174074582979858,0.9243590376000947,-0.6160227690872401,0.9103965080351002,-0.5511142823057964,0.9078635145470875,-0.7983619271272092,0.9458784440301445
images/filigrees/Corale 8/Corale 8 - 0.37r.png,8,-0.5953368204947882,0.9150010357452504,-0.5970565200546806,0.9249842443446239,-0.6212233189221885,0.9224750303703739,-0.6009133059944152,0.9272595378617201,-0.8117394049953011,0.9490242250470476
images/filigrees/Corale 8/Corale 8 - 0.40r.png,8,-0.6335970144693704,0.9286774431988108,-0.5782926414448415,0.9197792073238378,-0.5743245851592679,0.9152177206027391,-0.5653647252308476,0.91184261654032,-0.8103194631623307,0.9513902058725958
images/filigrees/Corale 8/Corale 8 - 0.51r.png,8,-0.39185362781131555,0.848866566074974,-0.4088671031359037,0.8559125818634664,-0.4245388328660578,0.8602926768736437,-0.44190703714857116,0.8789680835245705,-0.627653031339405,0.9196203249695998
images/filigrees/Corale 8/Corale 8 - 0.46v.png,8,-0.4795873410708751,0.8827874678416389,-0.4050303389618198,0.8597205076333166,-0.3985511711900743,0.852499032919815,-0.475158683280927,0.8623745721006201,-0.6554104815135011,0.9355071136254945
images/filigrees/Corale 8/Corale 8 - 0.46r.png,8,-0.5667479230267898,0.9075068690362094,-0.5146602469611589,0.8989224544361386,-0.4922994407248614,0.8746308044694131,-0.4720683697501947,0.8739860542751009,-0.704858832625005,0.9427965981754577
images/filigrees/Corale 8/C8-1r-Incipit-2-cropped.jpg,8,-0.6871286984038081,0.9399869558757552,-0.7458289024969247,0.9267089389364402,-0.7253412971084104,0.9430900816521323,-0.7369990200188706,0.9549579366582364,-0.9492756533328736,0.8901145665650396
images/filigrees/Corale 5/C5-119r.jpg,5,-0.6690221946195213,0.9145647120314758,-0.7174733064759562,0.9295471235106876,-0.7670323081927141,0.9422226430867136,-0.8181338696926844,0.9417175641824583,-0.9198359462508806,0.9674392078989836
images/filigrees/Corale 5/C5-31r-2-cropped.jpg,5,-0.8081504746371345,0.9455815483570674,-0.8059158125138818,0.9580209068887837,-0.7664771562912529,0.9317065495447902,-0.8079278218378447,0.9574499571058285,-1.0143823368385323,0.9690138172494813
images/filigrees/Corale 5/C5-134v.jpg,5,-0.7196809895567672,0.9395582041170341,-0.6674064186589949,0.9319362535786418,-0.6885401124535798,0.9378393625600623,-0.6400871874468748,0.9301607426795945,-0.8911338776860704,0.9606969752400407
images/filigrees/Corale 5/C5-135r.jpg,5,-0.7353643161757618,0.9506511688630302,-0.7336224382078046,0.9497884995237956,-0.7376119754730788,0.9511240588906766,-0.7287581422906463,0.9504887873474198,-0.968262277730253,0.9605823253903822
images/filigrees/Corale 5/C5-123r.jpg,5,-0.689935471088934,0.9312197404412484,-0.6983941824011825,0.9384809106126032,-0.6737067526612285,0.9365790080337348,-0.6990339853198804,0.9236565959965203,-0.9020577442742308,0.9665566913412748
images/filigrees/Corale 5/C5-122v.jpg,5,-0.6660088207240353,0.898429027056113,-0.6363493943282116,0.9223850591692166,-0.6068897759552625,0.9101461505466296,-0.6493324271190135,0.8997949910636622,-0.8388834950557538,0.9608740186963977
images/filigrees/Corale 5/C5-74v-cropped.jpg,5,-0.68713683369812,0.9473950408410311,-0.6918621386943765,0.9461852486049712,-0.6963734765187359,0.949950834383545,-0.6484751328310312,0.9388049488508237,-0.9224772214652576,0.9292026320939981
images/filigrees/Corale 5/C5-138v-Jerome-croppedC.jpg,5,-0.6904342890120191,0.919796849196366,-0.6453690643337365,0.9087726598014436,-0.7266751306309946,0.9243185249674997,-0.6763814798480196,0.8940498919197207,-0.9034223268111591,0.8540938579511889
images/filigrees/Corale 5/C5-107v-Michael-cropped.jpg,5,-0.6023786515630278,0.9321450109013647,-0.5219427489810815,0.9043641587582878,-0.6012706769486452,0.9285909019043762,-0.6048581099484981,0.9051677065647055,-0.8004567800674035,0.9174231835332051
images/filigrees/Corale 5/C5-114v.jpg,5,-0.703284447528328,0.9427289480935909,-0.6540302973557627,0.9349900385866561,-0.6378431510923671,0.9341125672169803,-0.6944427470526778,0.9395879367004094,-0.917475766391771,0.9507233464554631
images/filigrees/Corale 5/C5-115r.jpg,5,-0.7001310734966769,0.9212161771843748,-0.7133906107038898,0.9398926169588419,-0.7508714009355105,0.9393286320064463,-0.686301047902625,0.9383601032188044,-0.9253745471800559,0.9663265225898872
images/filigrees/Corale 5/C5-138v-Jerome-croppedU.jpg,5,-0.5137339982714105,0.8827883108361155,-0.5105356605207825,0.8925282592932086,-0.5524987426840541,0.9018340350994059,-0.5070061701136849,0.8956627934351136,-0.7056526959889486,0.9411177280067271
images/filigrees/Corale 5/C5-108r-Michael-cropped.jpg,5,-0.5636511401805396,0.9188530433527611,-0.5415256081128319,0.9014467799838781,-0.500158095522116,0.8875952234816551,-0.525814296892168,0.9064152421828746,-0.77069188227661,0.9206538592268789
images/filigrees/Corale 5/C5-133v-C.jpg,5,-0.7215257984606969,0.9495162866349448,-0.6675373988037124,0.944016058075772,-0.8143307104471912,0.9440412623796315,-0.7413377075498371,0.9527492814508052,-0.9647078495303586,0.9515685228575295
images/filigrees/Corale 5/C5-2r-cropped.jpg,5,-0.5731489390156967,0.8687652058647831,-0.5478643016711634,0.8639516464762794,-0.5803495796803952,0.8430457654198257,-0.5672949459090104,0.8591289303441647,-0.727608745586536,0.9441391296686776
images/filigrees/Corale 5/C5-114r.jpg,5,-0.7164332786156623,0.9330502555332238,-0.8631961819175812,0.9428488800752124,-0.6882601866172865,0.937148293483627,-0.6777502424079082,0.928952448414303,-0.9324102883551862,0.9626872035830172
images/filigrees/Corale 5/C5-133v-U.jpg,5,-0.5867153555507083,0.9164614829839715,-0.6358112085774427,0.9099130513187688,-0.5739755546274488,0.9133020480314675,-0.5835392499013041,0.9096675514562813,-0.788204018300456,0.9537759419350853
images/filigrees/Corale 5/C5-133r-S.jpg,5,-0.6791155865339301,0.9274036311139116,-0.6755375454195994,0.9377259568444947,-0.6907452789643489,0.9357067515579381,-0.6845773980245015,0.9382013024969132,-0.9153359695952127,0.9628068385427934
images/filigrees/Corale 5/C5-63r--cropped.jpg,5,-0.5920510790991754,0.9002581382267585,-0.5530542442329357,0.8914112125617452,-0.6135001077910727,0.8949435868640128,-0.5526012213302376,0.8896787616745006,-0.7632972612583351,0.9469388173567174
images/filigrees/Corale 5/C5-122r.jpg,5,-0.6242819910012339,0.9122410191816778,-0.5652792381119944,0.9099824113018659,-0.596160543265474,0.9220745716068037,-0.5327462511772976,0.9112624485018852,-0.8302412819560213,0.9308052513852102
images/filigrees/Corale 5/C5-135v.jpg,5,-0.6722233341849266,0.9335231689943081,-0.6740801300390237,0.9307319942530127,-0.656200295282598,0.9214096843559633,-0.6360344898419432,0.9226526419010369,-0.8633145815746995,0.9607963978120149
images/filigrees/Corale 5/C5-30v-2-cropped.jpg,5,-0.7437289046974798,0.9475512865609332,-0.7664235986168068,0.9498000772106574,-0.7358266762963227,0.9463070301781166,-0.7590731929515442,0.9548175441107916,-0.9672645496020063,0.9630869520976945
images/filigrees/Corale 5/C5-118r.jpg,5,-0.6580586686094374,0.9361664018147309,-0.6856727788567166,0.9420110184983456,-0.6976175302599577,0.9315697434605308,-0.6906087848763459,0.9441894771616048,-0.8730816584841451,0.9450054739610885
images/filigrees/Corale 5/C5-119v.jpg,5,-0.7056176857162388,0.9254464374938551,-0.6386555563804208,0.9198769589001832,-0.6853549722206825,0.9214302679863776,-0.6666354492406235,0.9281315133471818,-0.8755220089582446,0.9635521458447357
images/filigrees/Corale 5/C5-37r-star of david-cropped.jpg,5,-0.9083430711916302,0.9684089813643528,-0.9477262560867924,0.9673629428059646,-0.9658491851499257,0.9585932021480612,-0.9375052941518067,0.9696627553714487,-1.1870510551486027,0.9553148975743098
images/filigrees/Corale 5/C5-106v-Michael-cropped.jpg,5,-0.6104709392087398,0.930605367395153,-0.5903637698384605,0.9253988687984956,-0.49434836128629855,0.8964463961673202,-0.5484735462268459,0.91677705243568,-0.80392583422174,0.9233664702473902
images/filigrees/Corale 5/C5-112v.jpg,5,-0.640314922328734,0.8933822561258448,-0.6242806540093956,0.8862638110481593,-0.5985543684618024,0.8979450416049155,-0.5782711943232284,0.8917795607126136,-0.786252407930167,0.9576994450435776
images/filigrees/Corale 5/C5-129r.jpg,5,-0.66018863292732,0.921325305836765,-0.6232003814685738,0.9271080058014024,-0.6298500224523145,0.9228902669980127,-0.6201805276282215,0.90940215175699,-0.8482777256288644,0.9574599956374057
images/filigrees/Corale 5/C5-128v.jpg,5,-0.6648632832274958,0.8985186062023313,-0.663659351609816,0.9326550335376184,-0.6568137902250869,0.9307213500265286,-0.6762477499677328,0.9267068642485242,-0.8633198407720384,0.962914332615551
images/filigrees/Corale 5/C5-109r.jpg,5,-0.841748418301758,0.9618176467425251,-0.7536009730254766,0.9457198502772175,-0.833132485566264,0.960252059663092,-0.8117605155021892,0.9536249590904785,-1.027273610245325,0.9714073720816965
images/filigrees/Corale 5/C5-108v.jpg,5,-0.7315313787179396,0.9322343958256382,-0.7458727224612975,0.9241958413186229,-0.7629458896437823,0.9350607997967331,-0.7442399921601187,0.9350119460708309,-0.9470482015410263,0.9686334168722767
images/filigrees/Corale 5/C5-132v.jpg,5,-0.63917858689803,0.8728102235577558,-0.6644335515148572,0.906958474748632,-0.6650832649871055,0.9259409390267159,-0.6542925296300964,0.911733465201726,-0.8486677948272293,0.957859249506502
images/filigrees/Corale 5/C5-124v.jpg,5,-0.6404712370691591,0.9208043695436794,-0.6907845201047451,0.9273795826826066,-0.6924510517334826,0.9355699985076911,-0.6528567101690128,0.9340975090893072,-0.8704661111613105,0.963949275984253
images/filigrees/Corale 5/C5-125v.jpg,5,-0.6704999133517302,0.9160614821736739,-0.6200154778629109,0.912283501943251,-0.6557421494036808,0.9119128603930353,-0.6598504834092446,0.919807408551698,-0.843016616994619,0.9596755944689381
images/filigrees/Corale 5/C5-124r.jpg,5,-0.6671337410074653,0.9193326641256693,-0.6982206395933869,0.9170152943073614,-0.6960812191370344,0.9167306495431103,-0.6620009800577847,0.9167834982985483,-0.8527290040869976,0.9531270322188604
images/filigrees/Corale 5/C5-132r.jpg,5,-0.7395912070844236,0.9334834827892132,-0.6865506473886039,0.9444081944765869,-0.6953989959051661,0.9419544773188646,-0.6431994234650333,0.9368595998836654,-0.9169850635358648,0.9492036726004776
images/filigrees/Corale 5/C5-106r-Michael-cropped.jpg,5,-0.4960423317622062,0.8547662955607642,-0.49368388102099237,0.8662607649530464,-0.5006988375951684,0.8467559031363425,-0.4875319247252514,0.8324100488515528,-0.6788579586740394,0.9426558342792357
images/filigrees/Corale 5/C5-108r.jpg,5,-0.7356952560259546,0.9402533910124452,-0.6844563487073609,0.9362509168840167,-0.75026001193381,0.9377669472460023,-0.701554912131727,0.9316741813462741,-0.9311655025055426,0.9551784201497516
images/filigrees/Corale 5/C5-128r.jpg,5,-0.7591411174744392,0.9290301638876771,-0.5778500688668495,0.9088023321518958,-0.7001979471903637,0.9200195069554549,-0.648932374302544,0.9317768157719957,-0.8682821630455215,0.9602324482610243
images/filigrees/Corale 5/C5-129v.jpg,5,-0.7900572171830016,0.9561323122062612,-0.7158490916983385,0.9515975036632418,-0.7469432053057982,0.9475883701215434,-0.6904443353293565,0.9177575159216121,-0.9353119751541,0.9333193493216394
images/filigrees/Corale 5/C5-112r.jpg,5,-0.6686785853514725,0.9237031985051656,-0.6578839059832942,0.9169061185690062,-0.6088107983306041,0.9183904646858628,-0.6071766626721491,0.9086611856420755,-0.8466267739827574,0.9581451611687365
images/filigrees/Corale 5/C5-113v.jpg,5,-0.6822042960428977,0.9374546440979493,-0.6202809404278404,0.9267616595393594,-0.559067940517464,0.918508891149125,-0.5768918620873837,0.9228320712176113,-0.820782140965093,0.9419989921104956
images/filigrees/Corale 5/C5-12r-cropped.jpg,5,-0.496058759785369,0.8957823597092455,-0.6145738813621866,0.9305843102920116,-0.5137856215773334,0.9013812608891275,-0.5077959118486386,0.904914061746621,-0.7444480553588227,0.9403685355067559
images/filigrees/Corale 5/C5-130v-U.jpg,5,-0.6559783166816407,0.9173694395314205,-0.6663726959000166,0.9144686994456767,-0.6811883467823701,0.9305534424207286,-0.6616426796436058,0.9288843750784467,-0.8717487427754255,0.9624292609961733
images/filigrees/Corale 5/C5-110v.jpg,5,-0.7887731638172225,0.9518724467336497,-0.7528923552009888,0.9488503018870433,-0.7713001906226693,0.9483004997192367,-0.7567791390590455,0.9524585727492806,-0.9794713971363873,0.969261773229899
images/filigrees/Corale 5/C5-111r.jpg,5,-0.7258898304249196,0.9243094334830495,-0.706516416171422,0.942352122685327,-0.7235804684065941,0.9353875962197643,-0.6866200853406307,0.9373316827698944,-0.9192849078916493,0.963586117684473
images/filigrees/Corale 5/C5-0-sample I-cropped.jpg,5,-0.9332233750099908,0.9696085403913902,-1.0391057639778087,0.9730263424962183,-0.9443118102196918,0.9713345567984182,-1.0305905632292476,0.9759608126928168,-1.2213521625282737,0.9664001809699105
images/filigrees/Corale 5/C5-106v.jpg,5,-0.6826729921455832,0.9275909686437337,-0.7019821540010764,0.9436247057133766,-0.669177182498208,0.9374171879737905,-0.6813623286347711,0.921407466560476,-0.9006694041807592,0.9654071052230825
images/filigrees/Corale 5/C5-127r.jpg,5,-0.7706138336136414,0.9343367394582642,-0.768891562179171,0.9458424189714363,-0.7366992597779752,0.9330728561046876,-0.7420813690715052,0.9408343946031172,-0.9426560129188192,0.9694218463007069
images/filigrees/Corale 5/C5-126v.jpg,5,-0.8259661499652023,0.9576541160703969,-0.8768718905495558,0.9585889522493453,-0.7957365892294553,0.9501085008413601,-0.8391677374942713,0.9605051030425003,-1.0682171330228067,0.9578351675714205
images/filigrees/Corale 5/C5-131r.jpg,5,-0.7720263179003412,0.9018623654405572,-0.7140375023503984,0.8980820840924182,-0.887705167102683,0.9508310146715347,-0.7999547272360752,0.93537174297403,-0.9276015405795306,0.9612807298827056
images/filigrees/Corale 5/C5-42r-cropped.jpg,5,-0.5281945397493475,0.9085284799636153,-0.5617921244572802,0.9189137716878767,-0.5141706712116527,0.8893501691233027,-0.5629362582673715,0.9080499208715284,-0.7705479911388672,0.9465620342649558
images/filigrees/Corale 5/C5-44v-51r_-2-cropped.jpg,5,-0.8585616730074472,0.9501943985996442,-0.8192966504652776,0.9235156180846584,-0.8871053077265256,0.9451850159702743,-0.808925538927294,0.9222163154019394,-1.1073128042266365,0.894706097532814
images/filigrees/Corale 5/C5-131v.jpg,5,-0.7443319055076285,0.9166050770601165,-0.5694003303595294,0.9212462265166054,-0.6665286206175307,0.9136060987000576,-0.5898681177792697,0.9263889631821172,-0.8632265372102479,0.9590259896877349
images/filigrees/Corale 5/C5-130r.jpg,5,-0.6086707093818232,0.9114537628125425,-0.5310563072767654,0.9043612536973991,-0.5418674365711457,0.9095458003236401,-0.5128277495889371,0.8978657477026505,-0.7755586689109896,0.9474194973626727
images/filigrees/Corale 5/C5-126r.jpg,5,-0.6782079709082841,0.9333281891099062,-0.5986978117763601,0.9293579924342171,-0.6437356349797451,0.9320942381813682,-0.5454680230912962,0.9143230527782903,-0.8523223293549403,0.9427495566631175
images/filigrees/Corale 5/C5-127v.jpg,5,-0.6390325033428694,0.9358613377469244,-0.7063993332797195,0.9390195143525388,-0.6038787660576161,0.9284362495023938,-0.681053359343071,0.9269490880750512,-0.8763794851413642,0.9529100398325193
images/filigrees/Corale 5/C5-107v.jpg,5,-0.7647748045439335,0.9191682718123446,-0.7096840660965165,0.9319952873652406,-0.6692812161168159,0.9239783069280645,-0.6228918851112357,0.9231822617761486,-0.8775375025203975,0.9641833376542707
images/filigrees/Corale 5/C5-16r-detail-cropped.jpg,5,-0.8640930682799577,0.9558491129467044,-0.8299209883212182,0.9384799733914403,-0.8311840995740851,0.9546402744016269,-0.8454326343117544,0.9295379087081418,-1.0843731922034547,0.8940225925041206
images/filigrees/Corale 5/C5-111v.jpg,5,-0.7882375189403052,0.9469229809505044,-0.7755041441821814,0.9494057357338513,-0.7502627688022797,0.9397178302684125,-0.7277569841862433,0.945387247474447,-0.9734536770082648,0.9606058929737221
images/filigrees/Corale 5/C5-110r.jpg,5,-0.597466931377422,0.9152690974399115,-0.6416933585581199,0.9156447823411659,-0.6249911590964251,0.9163010224737481,-0.5552940914294949,0.9103268143947555,-0.8213936201798415,0.9523993223762407
images/filigrees/Corale 5/C5-130v-P.jpg,5,-0.7728454410260419,0.9536696208454073,-0.7472194795199991,0.9517559981364134,-0.7996276349905329,0.9551279679564523,-0.7473855538146158,0.9450186983280267,-1.0075741621436947,0.9494582094127013
images/filigrees/Corale 5/C5-75v-pink in g-2-cropped.jpg,5,-0.9044769979495856,0.9659902284901201,-0.8660815731894821,0.960484800149625,-0.8703129465778658,0.9624238811403707,-0.8345326736494636,0.9535067691664167,-1.1118673169171323,0.9422462198837053
images/filigrees/Corale 5/C5-133r-H.jpg,5,-0.7486066156611559,0.936652023101968,-0.761000449946085,0.913674338896645,-0.7588785519848305,0.9410098135091993,-0.6840402834846326,0.9400121855578184,-0.936648478319602,0.9662851948907464
images/filigrees/Corale 5/C5-120v.jpg,5,-0.7120940283726022,0.9418763642776445,-0.6638514656577199,0.9344870486450608,-0.7053825822461123,0.9423894596747134,-0.7007509083041485,0.9357734866803011,-0.9224750615608749,0.9598371773226406
images/filigrees/Corale 5/C5-121r.jpg,5,-0.7564488236215896,0.9468675690478867,-0.7885741355079621,0.9513592627596535,-0.7612540320797248,0.9392962514158791,-0.756339870416028,0.888506675733895,-0.9628704479402396,0.9689625849018475
images/filigrees/Corale 5/C5-157v-2-cropped.jpg,5,-0.8404600643504938,0.9440658848465311,-0.803550570909056,0.9167615468944504,-0.8292618456920852,0.9405272715743799,-0.7803742202345931,0.9111482328213122,-1.0501404129305687,0.8679934148333587
images/filigrees/Corale 5/C5-137r.jpg,5,-0.8025914286726168,0.9194203162700076,-0.6427053644448047,0.9101239163051582,-0.733927846027108,0.9115717322328126,-0.7471829081779636,0.9225526448074937,-0.8965289099269448,0.9619660469851423
images/filigrees/Corale 5/C5-136v.jpg,5,-0.6969300742878459,0.9197363987001966,-0.6985021476662983,0.9274400736715896,-0.700843423997598,0.9237485937841956,-0.6618555014766452,0.9209924182699446,-0.884838074619106,0.9581053721767413
images/filigrees/Corale 5/C5-116v.jpg,5,-0.67095136927192,0.9352310845301873,-0.6959262430700055,0.9296492622524174,-0.6882831436461372,0.930926011287405,-0.63745824005239,0.9288075858617207,-0.8856144317317778,0.9634169046554625
images/filigrees/Corale 5/C5-35r-D Completion-2-cropped.jpg,5,-0.9156061477504173,0.960000851712211,-0.9480318678710076,0.9670267104684918,-0.9182462050901423,0.96266210091997,-0.9302692790074923,0.9595977259825463,-1.1831170279881356,0.9346556177224268
images/filigrees/Corale 5/C5-31v-tiles-2-cropped.jpg,5,-0.9138684086750395,0.9436571298845399,-0.8973649607771974,0.9356727534563132,-0.8923126493490978,0.9245441638121139,-0.8891490310285142,0.9298236654591672,-1.161111518685472,0.8990721437194319
images/filigrees/Corale 5/C5-41v-cropped.jpg,5,-0.5806569432101609,0.9078252074660758,-0.5031567169803924,0.9037125972884759,-0.533288939769782,0.909808388874937,-0.5084429638281812,0.9049675338510857,-0.7547814832420676,0.9367821272478468
images/filigrees/Corale 5/C5-118r copy.jpg,5,-0.6522209192318976,0.922753332296462,-0.6268039066415572,0.9207083416014571,-0.5944818747780964,0.9082268974304494,-0.5892984140241629,0.9149483604700903,-0.8285615389230896,0.9552426273581935
images/filigrees/Corale 5/C5-116r.jpg,5,-0.7615089276351853,0.9317507695362486,-0.7097832964846702,0.9343295133750209,-0.8431447692341435,0.9294685286202936,-0.6778486338814426,0.9299525306483301,-0.957942827900512,0.9532801283054247
images/filigrees/Corale 5/C5-136r.jpg,5,-0.6829319807225582,0.9447764201133897,-0.8011003447555924,0.9367845888276225,-0.7816271649922704,0.9468267590280278,-0.6241381154435529,0.928550343826733,-0.9421336655641037,0.9509313916619314
images/filigrees/Corale 5/C5-108v-Michale-2-cropped.jpg,5,-0.869781839664157,0.9606910599144156,-0.8622590343079801,0.950016309873525,-0.902803571981202,0.9601722232543989,-0.8611635533410639,0.9466730623990122,-1.1355994083228351,0.9230986684522594
images/filigrees/Corale 5/C5-137v.jpg,5,-0.7536283587488737,0.9343279833997535,-0.6644831786088511,0.938885009868574,-0.7686666119063572,0.927360521522012,-0.6745753185067989,0.9385729629501972,-0.9168058998812714,0.966304795276721
images/filigrees/Corale 1/C1-89r-E hatching-2-cropped.png,1,-0.12993750621513803,0.4862378625181303,-0.04328573839615345,0.2613176861947088,-0.11108619959921506,0.43361195673681807,-0.043062462050132096,0.2632907599996913,-0.14060655584981016,0.5291172120624535
images/filigrees/Corale 1/C1-101v-AQ filigree-2-cropped.png,1,-0.2010910670458031,0.6074457130190657,-0.2313421415180357,0.5118502388608858,-0.2369764756316886,0.5730131595721016,-0.24656412355479343,0.5312842034075098,-0.2913541314475273,0.6341531987684895
images/filigrees/Corale 1/C1-73v-C w silver-3-cropped.png,1,-0.29260087539682766,0.575944649391683,-0.19701229200468176,0.5814769957070914,-0.27853712331806174,0.5689618408488858,-0.23077075405825068,0.6066053061790149,-0.3229423145336883,0.7022343797226323
images/filigrees/Corale 1/C1-173r-A-cropped.png,1,-0.3911718870286435,0.6876105594164063,-0.3648097567463885,0.6507586379040174,-0.36950396357218945,0.6296528810867428,-0.3568908517886326,0.6114963369049352,-0.42960000072618315,0.7184733409462124
images/filigrees/Corale 1/C1-19v-20r-Magdalene-cropped.jpg,1,-0.41500033405905035,0.845646184992518,-0.40418853759326856,0.8546300039473828,-0.42232469809167694,0.8644656532864843,-0.3762296128483365,0.8410425313420298,-0.6073538033160933,0.9259248386227252
images/filigrees/Corale 1/C1-22v-E w filigree 2-cropped.jpg,1,-0.9580279600169738,0.9685083087491253,-0.936621131270883,0.9507718467916895,-0.9544186650399101,0.9525847654829422,-0.9537364168912877,0.939005069097673,-1.1840391910589672,0.9198059583728979
images/filigrees/Corale 1/C1-31v-C-cropped.png,1,-0.270673863714486,0.6170578803631874,-0.1940133719269159,0.6144794402347677,-0.27353829306161137,0.5788267347489463,-0.21453161422448117,0.6154193766622097,-0.32958602372716045,0.7437467694717027
images/filigrees/Corale 1/C1-51r-M church-2-cropped.png,1,-0.31430273615247833,0.63215734623368,-0.2920202042505497,0.6619646588178976,-0.3178539467580787,0.6536422639698041,-0.3145957116268504,0.6601526720096622,-0.37038125078051143,0.7229353546358765
images/filigrees/Corale 1/C1-50v-P w cross-2-cropped.png,1,-0.3364955249725709,0.604631502697971,-0.27477904741310993,0.6512701072882823,-0.351828167903424,0.6307158161335888,-0.2706967436987798,0.6246931390624441,-0.37277193519532237,0.714109845814076
images/filigrees/Corale 1/C1-50v-P w cross-2-cropped.jpg,1,-1.0464002465848747,0.9760513731216148,-1.0262203277157071,0.9306867621471986,-1.0879818880223904,0.9770505227063307,-1.044570641189942,0.9498750138123089,-1.2720930276077849,0.9263669658801907
images/filigrees/Corale 1/C1-170v-G-cropped.png,1,-0.1731352727670242,0.4744464975988573,-0.15194613496154083,0.45268286694588916,-0.21325937712958648,0.5177240971496647,-0.16580420018629072,0.4783032632220273,-0.22587725872451636,0.5463640646413059
images/filigrees/Corale 1/C1-25v-Q-2-cropped.png,1,-0.3185789501095769,0.7728550542780478,-0.2961912124211452,0.7522649241471959,-0.32322121187681546,0.778885869106381,-0.33297802447544483,0.7557434525292438,-0.46970228245814816,0.8870264568805188
"images/filigrees/Corale 1/C1-143v-144r-O, A grisaille-croppedO.jpg",1,-0.3811447121304102,0.8294721044297096,-0.364022083260367,0.8144941306277673,-0.343332835125278,0.8165751631416903,-0.33918770067719356,0.804218594054546,-0.5255364965817594,0.911690656019429
images/filigrees/Corale 1/C1-84v-Letter P-2-cropped.png,1,-0.23973743268544234,0.5331886482866157,-0.2667242034303948,0.5379186255130184,-0.3071772310334548,0.5982792476210844,-0.26717306015190123,0.5493146992293683,-0.3267673437086453,0.6375674202739253
images/filigrees/Corale 1/C1-20v-21r-Magdanele hymn 2-cropped.jpg,1,-0.5675880581376465,0.9187987025211096,-0.4897017953495342,0.9001258917292981,-0.5299824434743197,0.910634544884653,-0.5271384568233234,0.9109049752130052,-0.7437895675807236,0.9311055069577379
images/filigrees/Corale 1/C1-47r-H-3-cropped.jpg,1,-0.8242774570787946,0.9593455845768484,-0.9231420191040713,0.968101212697936,-0.7892355266124208,0.9544464902220475,-0.8348805134714601,0.9541946214448488,-1.0585923832397042,0.9605696163616227
images/filigrees/Corale 1/C1-16r-S w mandorla-croppedS.jpg,1,-0.5177252952765753,0.9108592875292735,-0.46618414221643323,0.8897497197043234,-0.5417818710020827,0.912138600194134,-0.527654995040623,0.9138302881323885,-0.7046640596447871,0.9196311894653895
images/filigrees/Corale 1/C1-24v-Letter I-1-croppedS.jpg,1,-0.5802803894680949,0.9109365113555502,-0.5210872817447407,0.9026036790325916,-0.5261845950183544,0.9067951203520608,-0.5413144667120041,0.8917897535233191,-0.7659500843791359,0.9465384401546582
images/filigrees/Corale 1/C1-24v-Letter I-1-croppedR.jpg,1,-0.5331339816499362,0.8925931491711615,-0.5006214148975389,0.8968718339902757,-0.4911078878662352,0.8761451704610717,-0.4659948188100631,0.8862804294020744,-0.683472827678926,0.9423541552823759
images/filigrees/Corale 1/C1-29v-30r-cropped.jpg,1,-0.4367135532678324,0.8709996357666439,-0.42339508285899113,0.869862162859908,-0.38087076151637883,0.8476603232864789,-0.37136901724964966,0.8449910219971958,-0.6120425492079343,0.9204641926093721
images/filigrees/Corale 1/C1-130v-10h-cropped.png,1,-0.15340763193104734,0.5816314971880624,-0.15153316611430306,0.5701887368547262,-0.1755308247960815,0.6137166599151664,-0.1822634406343269,0.6070331374310294,-0.2867342676799399,0.7697280975220419
images/filigrees/Corale 1/C1-30v-31r-croppedO.jpg,1,-0.4875122001763853,0.8710351621893015,-0.46058299526282587,0.8667962192023895,-0.4839378197321204,0.8777373348690412,-0.43076680276706414,0.8622898691630202,-0.664927977427401,0.943475909031866
images/filigrees/Corale 1/C1-32r-C-cropped.png,1,-0.24829960735680046,0.5770181261453899,-0.17007762419063743,0.5982445559542428,-0.2651648569689197,0.5662705371489682,-0.17299275527494457,0.5699301726092142,-0.30835019118697427,0.7421870390919318
images/filigrees/Corale 1/C1-70r-Y-2-cropped.png,1,-0.39452581075810633,0.745285057356171,-0.3290533830184877,0.6578765893784688,-0.403327360920179,0.8052062155374146,-0.5118610240047528,0.8491162966674091,-0.4859783540781671,0.8205878614921008
images/filigrees/Corale 1/C1-23v-S-cropped.jpg,1,-0.8551031320180206,0.9468777552606068,-0.908250796021835,0.933456652887861,-0.832300057607007,0.9384956350698631,-0.9239969098069145,0.9476207496373225,-1.0964010183178785,0.9010786297197039
images/filigrees/Corale 1/C1-27v-S-2-cropped.png,1,-0.28193829503854256,0.6146148716113677,-0.26318541906607745,0.5925131963124207,-0.2357644589827378,0.5750067410808665,-0.2689335848219158,0.5311034109715627,-0.32993548528869093,0.7000525992466816
images/filigrees/Corale 1/C1-16r-S w mandorla-croppedA.jpg,1,-0.5664743497339368,0.9224548161128994,-0.4985307281882745,0.9023120168728873,-0.49606191688609697,0.9049184276865699,-0.5695733748008549,0.9238018598759153,-0.7147651606272866,0.9284500065829905
images/filigrees/Corale 1/C1-21v-Mary Magdalene hymn 3-cropped.jpg,1,-0.5505209553765592,0.9173526042896436,-0.5005352273576297,0.8965894795882867,-0.5065607072821434,0.9037853223445838,-0.48139639247766897,0.8983529041776485,-0.7451833431339472,0.9179200238337833
images/filigrees/Corale 1/C1-160v-B2-cropped.png,1,-0.2644791448995409,0.6056650216975901,-0.25039038474081854,0.5677252108453221,-0.2778993079631791,0.6104255369049283,-0.26764533000044693,0.5717303010131848,-0.30443001759906685,0.602535798163859
images/filigrees/Corale 1/C1-142v-T2-cropped.png,1,-0.33819567746143764,0.6436008835696919,-0.2853827533607437,0.6896179467105942,-0.3574879413243651,0.6942163929832142,-0.3273899200420755,0.6841256676804793,-0.42918697929338645,0.7917602888490155
images/filigrees/Corale 1/C1-20v-21r-Magdanele hymn 2-croppedE.jpg,1,-0.5280768241366127,0.8591242256826955,-0.4766838541557269,0.876710216415101,-0.4400840815805226,0.8220139999191525,-0.3891882918574851,0.8284033534728498,-0.6442362353376401,0.9354638786847006
images/filigrees/Corale 1/C1-129v-A filigree-2-cropped.png,1,-0.3451093059862469,0.6196610322892878,-0.27700331967054215,0.5214741332743098,-0.28516335979181795,0.5592286932988866,-0.30492498247048566,0.5666806234103157,-0.34150767098111645,0.6194844035766652
images/filigrees/Corale 1/C1-28r-O completion-2-cropped.png,1,-0.2621941400756768,0.6024727432413955,-0.2864686863364362,0.6751199211006649,-0.26733441085832205,0.5803616567144333,-0.29080308327702437,0.6767863540285587,-0.36665825032294974,0.7664166163909116
images/filigrees/Corale 1/C1-46r-Q-cropped.jpg,1,-0.9961314226608098,0.9662313198631214,-1.021977989767515,0.9628975697932665,-1.0038953772244774,0.961176086276082,-0.9623065588214159,0.9600882894698165,-1.2313820819799113,0.9434062868076005
images/filigrees/Corale 1/C1-103v-sapphires-2-cropped.png,1,-0.26116190936124156,0.6130252421305016,-0.19709340920595936,0.5760991405697338,-0.20123550308725896,0.5618901624839823,-0.26538812600354406,0.6232268021306405,-0.29182929015107456,0.6302651796275416
images/filigrees/Corale 1/C1-51v-H-cropped.png,1,-0.27614575639804834,0.6140118163532262,-0.2483077614238376,0.5038521278454237,-0.27574761899055106,0.5971732549287588,-0.25064228132676253,0.5231529076073199,-0.32865509865993686,0.6630804415551763
images/filigrees/Corale 1/C1-140v-G3-cropped.png,1,-0.2720966287750298,0.6501281024453708,-0.2216816967245659,0.5807605762993968,-0.2818234982171227,0.5910570139408547,-0.25852595455664307,0.5665811237172994,-0.3358746616589559,0.6997672661066455
images/filigrees/Corale 1/C1-110v-N-3-cropped.png,1,-0.3422005848273245,0.6532775900754604,-0.35453566665427627,0.6539616922049635,-0.38434909764343006,0.6951896870392212,-0.3533663151534578,0.698356555223507,-0.43637245321786966,0.7802226250761878
images/filigrees/Corale 1/C1-75r-O-cropped.png,1,-0.32676876826918033,0.7335489757274896,-0.24832507409697951,0.6926219754585718,-0.2908751593160629,0.7118062353231364,-0.24188915689000018,0.6728662868347169,-0.4013512239228967,0.8077434532067005
images/filigrees/Corale 1/C1-28v-29r-croppedh.jpg,1,-0.4734790857521739,0.8878743833321612,-0.5472836430822914,0.8809766577149478,-0.42127265498517824,0.8649068465938361,-0.42130856540864176,0.8722243647478828,-0.6840780935448268,0.9387267412497181
images/filigrees/Corale 1/C1-99r-2-cropped.png,1,-0.18486613223023876,0.6040076837332741,-0.17129223721494793,0.5684966973241019,-0.19771687207819919,0.6297354749468266,-0.18165267536244217,0.5483765885532663,-0.25794948055477007,0.6955448377087313
images/filigrees/Corale 1/C1-88r-O Sapphires 6-cropped.png,1,-0.24899044454210403,0.7057048110535689,-0.19661770718057245,0.5883954967750221,-0.26802875632218326,0.727155883178576,-0.18431928044445384,0.5938873440449494,-0.30938541307276274,0.7653677838600448
"images/filigrees/Corale 1/C1-143v-144r-O, A grisaille-croppedA.jpg",1,-0.5046819135974261,0.8918145793661206,-0.43899104699410807,0.8680854245500409,-0.444976385310056,0.8818142594385668,-0.4437422443150143,0.8660754695484261,-0.5998845999141182,0.92715958373075
images/filigrees/Corale 1/C1-2r-Opening V-cropped.jpg,1,-0.5344499229586734,0.9137426958762848,-0.4812652736002988,0.892617117392554,-0.4915278398589101,0.8999211171464404,-0.4781174231461748,0.8925701783697084,-0.7044215444071498,0.9269163055659851
images/filigrees/Corale 1/C1-28v-29r-croppedM.jpg,1,-0.5134241415904012,0.9002802592904554,-0.47103585991429314,0.8865818224239517,-0.47396297718317787,0.8912598729485459,-0.4638422935225416,0.88297316462727,-0.699539658808712,0.9358480099682948
images/filigrees/Corale 1/C1-76v-E-cropped.png,1,-0.39577071901136845,0.7237132136363902,-0.3044776190417748,0.6993864184203993,-0.38467539946465584,0.7108616033403886,-0.2605050410938417,0.6348405780269091,-0.42840683549209047,0.7859316759813724
images/filigrees/Corale 1/C1-45r-E hatching 2-cropped.jpg,1,-1.1026790266810476,0.9605519958122499,-1.1083089859735982,0.9448960106068041,-1.1167211507244548,0.9512758498921635,-1.110777456091272,0.9405604038872585,-1.3654503199267087,0.9198079876171517
images/filigrees/Corale 1/C1-170v-172r-G-cropped.jpg,1,-0.4882138654661717,0.8883544518482124,-0.3881672824665366,0.8500023868863987,-0.515620457904965,0.8914759027511593,-0.4171706473540606,0.8657835233706247,-0.6117529376120606,0.9281791737217447
images/filigrees/Corale 1/C1-2v _ 4r-cropped.jpg,1,-0.4830767400062026,0.865251393072132,-0.48221943644097737,0.8877070417861261,-0.4533457898861542,0.8670341226777614,-0.5034394005370069,0.8953062286488627,-0.6748895912130611,0.9405421133457704
images/filigrees/Corale 15/C15-122v-gothic-2-cropped.jpg,15,-1.3983414149758777,0.9327214704104954,-1.3528071007142872,0.9365551964064361,-1.3840172666171326,0.9287136139155372,-1.3821558756742307,0.9431063592731231,-1.6166570069485158,0.9113792431581018
images/filigrees/Corale 15/C15-34v-2-croppedA.jpg,15,-0.5814046172970093,0.8917068001533645,-0.5589830540543375,0.907507237315174,-0.6264286663591002,0.9124477194169547,-0.6085334332284985,0.9074474266098727,-0.7725042466718379,0.9568485706508318
images/filigrees/Corale 15/C15-26r-cropped.jpg,15,-0.5806968466656586,0.9085584293237505,-0.6848545704870894,0.9305748343339224,-0.5640575580632771,0.9009972303128508,-0.6404380792873527,0.9314361689271964,-0.8406984261942407,0.9526821547572512
images/filigrees/Corale 15/C15-2r-cropped.jpg,15,-0.5054607232745162,0.9048582492460864,-0.5062674096570329,0.9060890480775896,-0.5030937301682907,0.9053197509645274,-0.5131766218566143,0.9084806787626597,-0.7216076116462272,0.9056066843806589
images/filigrees/Corale 15/C15-26v-5-cropped.jpg,15,-0.9167789223222612,0.9524333289199024,-0.944794366659276,0.9503900649795136,-0.9260650571950534,0.9578457107330255,-0.9535236546446201,0.9477199940542379,-1.2001609531862676,0.9347652935957498
images/filigrees/Corale 15/C15-29r-B-3-cropped.jpg,15,-1.1027645232402001,0.9670057366206359,-1.1125212967692433,0.9654561982520086,-1.129603123262819,0.9628956799368461,-1.1397209971819529,0.9624604946595361,-1.3136180437431528,0.9455739831786988
images/filigrees/Corale 15/C15-50v-O-3-cropped.jpg,15,-1.1158696403950172,0.9680504313938151,-1.093548535909293,0.9658430837102137,-1.1342994013447394,0.9646170958573456,-1.132350018296965,0.9569229258531711,-1.3539512198020958,0.9457863444778274
images/filigrees/Corale 15/C15-27r-3-cropped.jpg,15,-0.8756607713243342,0.9656779504029426,-0.9368571541377917,0.9681269131060266,-0.8570844704627126,0.9645904630384491,-0.9404849303873569,0.9655718781894606,-1.1533024304548822,0.9585100701794111
images/filigrees/Corale 15/C15-31r-Prudent Virgin text-cropped.jpg,15,-0.47723808559644965,0.875719313725249,-0.5097832050522607,0.8998384102526912,-0.4609317437068737,0.8778664492368958,-0.47658553490523986,0.8752099911814183,-0.6686933898226114,0.9372822606195296
images/filigrees/Corale 15/C15-1v-cropped.jpg,15,-0.5496716807772628,0.9084803252854766,-0.5098404458664543,0.9073688393597156,-0.5403309229610298,0.9044778010371471,-0.5402952743492866,0.9159698620595965,-0.7781825957149803,0.9270488284477922
images/filigrees/Corale 15/C15-24v-35r-cropped.jpg,15,-0.526007082051764,0.8756605141672754,-0.49481163744060236,0.8882273518546887,-0.4629907860602811,0.8748936244946623,-0.47399383236086406,0.8861638507268788,-0.7134447699362231,0.9431505022470628
images/filigrees/Corale 15/C15-49v-croppedi.jpg,15,-0.43913949215074805,0.8005186850654228,-0.4698047768100165,0.7007276727025834,-0.49046380329954636,0.7968979109701919,-0.4681147721104268,0.7452016499331336,-0.5838606810120599,0.8907093586870256
images/filigrees/Corale 15/C15-121v-Old flowers-2-cropped.jpg,15,-0.7075379344038654,0.9349083339622697,-0.6874444653839493,0.9127268237316831,-0.7054863932129529,0.9301566550396748,-0.7068898040809607,0.9177369771307177,-0.9806032619025443,0.9118038763398656
images/filigrees/Corale 15/C15-24v-cropped.jpg,15,-0.5956229974940587,0.9264900467746237,-0.5519920413908321,0.9171654192679143,-0.5919596050490151,0.9264144988179481,-0.5593967511850488,0.9207104313165658,-0.8034459215620295,0.9426354014294094
images/filigrees/Corale 15/C15-23v-cropped.jpg,15,-0.544183560652307,0.9149772714945857,-0.520931216350141,0.8989275594969275,-0.5279630818682521,0.9135985059590502,-0.4958038146152409,0.9012105997672636,-0.7431608278977602,0.9082518988793997
images/filigrees/Corale 15/C15-52v-53r-croppedi.jpg,15,-0.4751785421984531,0.8837195964475781,-0.5201915744288687,0.8766905039751426,-0.4613940306930911,0.8662619245316723,-0.5835928312222993,0.9166710157164814,-0.6895028572987457,0.9427506355126126
images/filigrees/Corale 15/C15-24v-35r-croppedi.jpg,15,-0.5945375231052604,0.9093448385503219,-0.4578244861728474,0.8501602759369841,-0.5172803842220092,0.8970002967841243,-0.49204498809867275,0.8653026912131875,-0.7063799416627481,0.9444930476483184
images/filigrees/Corale 15/C15-124r-messy letter-cropped.jpg,15,-0.4657009688593038,0.882854291709305,-0.4203585142238351,0.8651202561648734,-0.4279822641543283,0.8711966028781832,-0.38820383385099994,0.8468800824454416,-0.6558355391062013,0.8761092532774447
images/filigrees/Corale 15/C15-31v-Prudent Virgin text-cropped.jpg,15,-0.5796720740183154,0.901226840624147,-0.5557410295476983,0.9056731874307367,-0.49904232296918494,0.8846651008857874,-0.5290675677219178,0.9008611067845217,-0.7523975171958686,0.9515663729135407
images/filigrees/Corale 15/C15-25r-2-cropped.jpg,15,-1.0782136061803125,0.921989754539312,-1.005870219843147,0.9285892740824868,-1.0738177645447646,0.9310523056442861,-1.0683832818715948,0.9506074345746174,-1.2871803044791714,0.8927321454303057
images/filigrees/Corale 15/C15-1r-croppedA.jpg,15,-0.4904387483648853,0.8920340138329532,-0.529527879361801,0.8977103713955197,-0.48040831298406056,0.886031528499278,-0.5163664123951144,0.8956567393466884,-0.6739880581605621,0.9429940477696246
images/filigrees/Corale 15/C15-26v-cropped.jpg,15,-0.746085526245818,0.9528747554906983,-0.7305493645233984,0.9432696710303815,-0.7435378576752657,0.9506048489562461,-0.7244299994850525,0.9278286506717136,-0.9726136742919536,0.912455433266209
images/filigrees/Corale 15/C15-52v-53r-croppedO.jpg,15,-0.47476007865599673,0.8910216260429001,-0.46134586529147836,0.8885711906010039,-0.44244856315990094,0.8781704290193664,-0.4386904378815332,0.8769303107207327,-0.6932761361577944,0.9275214976206596
images/filigrees/Corale 15/C15-1r-croppedS.jpg,15,-0.5859078602131903,0.9122632976137028,-0.5708346326794905,0.9231506584718698,-0.5930852423412014,0.9110406551733893,-0.5992297912846863,0.9298807231911953,-0.7898801556861432,0.9314057450691173
images/filigrees/Corale 15/C15-125r-phllic acorns-cropped.jpg,15,-0.44788844445686565,0.8835644148124817,-0.44794909054790955,0.8837265496233742,-0.4146027174304678,0.8668340217981321,-0.4459738232387159,0.8848581231823919,-0.6625229778641538,0.8993651385356007
images/filigrees/Corale 15/C15-49v-croppedB.jpg,15,-0.5209214008989002,0.9104766438101531,-0.5021717146224993,0.9010156814367357,-0.5486546829768781,0.9184007033802516,-0.5401478344295518,0.9146118740573992,-0.7687849077645871,0.928175283892596
images/filigrees/Corale 15/C15-49v-croppedU.jpg,15,-0.4722289980439824,0.8895962919370682,-0.48133753097375814,0.8941785129110349,-0.4731612304806131,0.894132429045601,-0.4689666289048374,0.891691039059803,-0.6905054572683499,0.9216156504184063
images/filigrees/Corale 15/C15-24r-croppedi.jpg,15,-0.47109559250484667,0.848475449275132,-0.5222026403952956,0.8987742058223334,-0.5162985549600736,0.888653431923187,-0.5661367634026866,0.9090549879882414,-0.6942000293016544,0.9440188065484603
images/filigrees/Corale 15/C15-30r-Prudent Virgin text-cropped.jpg,15,-0.47188424823894715,0.8785713322592573,-0.49069338003137486,0.8976720483062192,-0.4765683828287815,0.8820609153335096,-0.47075644818214774,0.8848344176379098,-0.6777473331732408,0.9383192598682139
images/filigrees/Corale 15/C15-80r-R-cropped.jpg,15,-1.1123569622926108,0.966437114849602,-1.081123897549152,0.9646141486801039,-1.1377782343113334,0.9652990617219886,-1.093690617981188,0.9533197133135648,-1.3126443424345222,0.9464234553024126
images/filigrees/Corale 15/C15-29v-Prudent VIrgin text-cropped.jpg,15,-0.5273692942904435,0.9012165971783118,-0.5695177714491345,0.9196482665026522,-0.4633072204104904,0.846771636397676,-0.5161036078518555,0.8956144949027712,-0.7585503685876216,0.9468347210857901
images/filigrees/Corale 15/C15-55r-cropped.jpg,15,-0.7543239660831154,0.9409403280625497,-0.6562145468731443,0.9337299489642598,-0.7289685918971629,0.9471340491963856,-0.6342414808286353,0.9313639153834218,-0.9033678146544593,0.9444658273446002
images/filigrees/Corale 15/C15-34v-2-croppedN.jpg,15,-0.6572803666198175,0.9340178282888552,-0.694980382725717,0.9420257882858396,-0.7042474001219865,0.9448605956477485,-0.6840436945170463,0.9281364758212927,-0.9490761059257506,0.9335825602821672
images/filigrees/Corale 15/C15-27r-2-cropped.jpg,15,-0.9415046567234807,0.9688936023611278,-1.0084475993107451,0.9700695878759524,-0.9104831397030495,0.9672311967681826,-1.0002327001573446,0.9673663579632544,-1.2132843880757613,0.9606835097799051
images/filigrees/Corale 15/C15-52v-53r-croppedO2.jpg,15,-0.5140558953538237,0.9026454905681048,-0.4411307353925343,0.8811883243199183,-0.4981928936940775,0.9020301866600088,-0.4561531599591852,0.8860825274396307,-0.6924936642246647,0.920775604463918
images/filigrees/Corale 15/C15-24r-cropped.jpg,15,-0.4470172811697609,0.8238408228342275,-0.41676097639734716,0.8410703375207971,-0.34970554857621255,0.8044661734257897,-0.39126455291415435,0.8246092758291694,-0.5750111669418608,0.9242045137505008
images/filigrees/Corale 15/C15-69r-B-cropped.jpg,15,-1.1456778523594002,0.9504705680696719,-1.1914010680961256,0.9300255390036123,-1.1220179001990853,0.9354770529477974,-1.0861334102245919,0.9426205754932715,-1.3896644392280484,0.9330213614343185
